17.630647,16.200244,9.595849,14.625763,13.418193,17.844933,16.452381,7.079365,8.261294,12.528694
17.632950,16.238307,9.624124,14.636851,13.431879,17.866543,16.486166,7.098858,8.274863,12.534710
17.635252,16.276369,9.652398,14.647939,13.445564,17.888153,16.519950,7.118352,8.288431,12.540726
17.637555,16.314432,9.680673,14.659026,13.459250,17.909764,16.553735,7.137845,8.302000,12.546743
17.639857,16.352494,9.708948,14.670114,13.472936,17.931374,16.587520,7.157338,8.315568,12.552759
17.642160,16.390557,9.737223,14.681202,13.486622,17.952984,16.621304,7.176832,8.329137,12.558775
17.644462,16.428619,9.765498,14.692290,13.500307,17.974595,16.655089,7.196325,8.342706,12.564792
17.646765,16.466682,9.793773,14.703378,13.513993,17.996205,16.688873,7.215819,8.356274,12.570808
17.649067,16.504744,9.822048,14.714465,13.527679,18.017815,16.722658,7.235312,8.369843,12.576824
17.651370,16.542807,9.850323,14.725553,13.541365,18.039426,16.756443,7.254805,8.383411,12.582841
17.653672,16.580869,9.878598,14.736641,13.555050,18.061036,16.790227,7.274299,8.396980,12.588857
17.655975,16.618932,9.906873,14.747729,13.568736,18.082646,16.824012,7.293792,8.410548,12.594873
17.658277,16.656994,9.935148,14.758817,13.582422,18.104256,16.857797,7.313285,8.424117,12.600890
17.660580,16.695057,9.963423,14.769904,13.596108,18.125867,16.891581,7.332779,8.437685,12.606906
17.662883,16.733119,9.991698,14.780992,13.609793,18.147477,16.925366,7.352272,8.451254,12.612923
17.665185,16.771182,10.019973,14.792080,13.623479,18.169087,16.959151,7.371765,8.464823,12.618939
17.667488,16.809244,10.048248,14.803168,13.637165,18.190698,16.992935,7.391259,8.478391,12.624955
17.669790,16.847307,10.076523,14.814255,13.650851,18.212308,17.026720,7.410752,8.491960,12.630972
17.672093,16.885369,10.104797,14.825343,13.664536,18.233918,17.060504,7.430245,8.505528,12.636988
17.674395,16.923432,10.133072,14.836431,13.678222,18.255529,17.094289,7.449739,8.519097,12.643004
17.676698,16.961494,10.161347,14.847519,13.691908,18.277139,17.128074,7.469232,8.532665,12.649021
17.679000,16.999557,10.189622,14.858607,13.705594,18.298749,17.161858,7.488725,8.546234,12.655037
17.681303,17.037619,10.217897,14.869694,13.719279,18.320360,17.195643,7.508219,8.559802,12.661053
17.683605,17.075682,10.246172,14.880782,13.732965,18.341970,17.229428,7.527712,8.573371,12.667070
17.685908,17.113744,10.274447,14.891870,13.746651,18.363580,17.263212,7.547205,8.586939,12.673086
17.688210,17.151807,10.302722,14.902958,13.760337,18.385190,17.296997,7.566699,8.600508,12.679103
17.690513,17.189869,10.330997,14.914045,13.774022,18.406801,17.330782,7.586192,8.614077,12.685119
17.692815,17.227932,10.359272,14.925133,13.787708,18.428411,17.364566,7.605685,8.627645,12.691135
17.695118,17.265994,10.387547,14.936221,13.801394,18.450021,17.398351,7.625179,8.641214,12.697152
17.697420,17.304057,10.415822,14.947309,13.815080,18.471632,17.432135,7.644672,8.654782,12.703168
17.699723,17.342119,10.444097,14.958397,13.828765,18.493242,17.465920,7.664165,8.668351,12.709184
17.702025,17.380182,10.472372,14.969484,13.842451,18.514852,17.499705,7.683659,8.681919,12.715201
17.704328,17.418244,10.500647,14.980572,13.856137,18.536463,17.533489,7.703152,8.695488,12.721217
17.706631,17.456307,10.528921,14.991660,13.869823,18.558073,17.567274,7.722646,8.709056,12.727233
17.708933,17.494369,10.557196,15.002748,13.883509,18.579683,17.601059,7.742139,8.722625,12.733250
17.711236,17.532432,10.585471,15.013836,13.897194,18.601293,17.634843,7.761632,8.736194,12.739266
17.713538,17.570494,10.613746,15.024923,13.910880,18.622904,17.668628,7.781126,8.749762,12.745282
17.715841,17.608557,10.642021,15.036011,13.924566,18.644514,17.702412,7.800619,8.763331,12.751299
17.718143,17.646619,10.670296,15.047099,13.938252,18.666124,17.736197,7.820112,8.776899,12.757315
17.720446,17.684682,10.698571,15.058187,13.951937,18.687735,17.769982,7.839606,8.790468,12.763332
17.722748,17.722745,10.726846,15.069275,13.965623,18.709345,17.803766,7.859099,8.804036,12.769348
17.725051,17.760807,10.755121,15.080362,13.979309,18.730955,17.837551,7.878592,8.817605,12.775364
17.727353,17.798870,10.783396,15.091450,13.992995,18.752566,17.871336,7.898086,8.831173,12.781381
17.729656,17.836932,10.811671,15.102538,14.006680,18.774176,17.905120,7.917579,8.844742,12.787397
17.731958,17.874995,10.839946,15.113626,14.020366,18.795786,17.938905,7.937072,8.858310,12.793413
17.734261,17.913057,10.868221,15.124713,14.034052,18.817397,17.972690,7.956566,8.871879,12.799430
17.736563,17.951120,10.896496,15.135801,14.047738,18.839007,18.006474,7.976059,8.885448,12.805446
17.738866,17.989182,10.924771,15.146889,14.061423,18.860617,18.040259,7.995552,8.899016,12.811462
17.741168,18.027245,10.953046,15.157977,14.075109,18.882227,18.074043,8.015046,8.912585,12.817479
17.743471,18.065307,10.981320,15.169065,14.088795,18.903838,18.107828,8.034539,8.926153,12.823495
17.745773,18.103370,11.009595,15.180152,14.102481,18.925448,18.141613,8.054032,8.939722,12.829512
17.748076,18.141432,11.037870,15.191240,14.116166,18.947058,18.175397,8.073526,8.953290,12.835528
17.750379,18.179495,11.066145,15.202328,14.129852,18.968669,18.209182,8.093019,8.966859,12.841544
17.752681,18.217557,11.094420,15.213416,14.143538,18.990279,18.242967,8.112512,8.980427,12.847561
17.754984,18.255620,11.122695,15.224504,14.157224,19.011889,18.276751,8.132006,8.993996,12.853577
17.757286,18.293682,11.150970,15.235591,14.170909,19.033500,18.310536,8.151499,9.007565,12.859593
17.759589,18.331745,11.179245,15.246679,14.184595,19.055110,18.344320,8.170992,9.021133,12.865610
17.761891,18.369807,11.207520,15.257767,14.198281,19.076720,18.378105,8.190486,9.034702,12.871626
17.764194,18.407870,11.235795,15.268855,14.211967,19.098330,18.411890,8.209979,9.048270,12.877642
17.766496,18.445932,11.264070,15.279943,14.225652,19.119941,18.445674,8.229473,9.061839,12.883659
17.768799,18.483995,11.292345,15.291030,14.239338,19.141551,18.479459,8.248966,9.075407,12.889675
17.771101,18.522057,11.320620,15.302118,14.253024,19.163161,18.513244,8.268459,9.088976,12.895691
17.773404,18.560120,11.348895,15.313206,14.266710,19.184772,18.547028,8.287953,9.102544,12.901708
17.775706,18.598182,11.377170,15.324294,14.280395,19.206382,18.580813,8.307446,9.116113,12.907724
17.778009,18.636245,11.405444,15.335382,14.294081,19.227992,18.614597,8.326939,9.129682,12.913741
17.780311,18.674307,11.433719,15.346469,14.307767,19.249603,18.648382,8.346433,9.143250,12.919757
17.782614,18.712370,11.461994,15.357557,14.321453,19.271213,18.682167,8.365926,9.156819,12.925773
17.784916,18.750432,11.490269,15.368645,14.335138,19.292823,18.715951,8.385419,9.170387,12.931790
17.787219,18.788495,11.518544,15.379733,14.348824,19.314434,18.749736,8.404913,9.183956,12.937806
17.789521,18.826557,11.546819,15.390821,14.362510,19.336044,18.783521,8.424406,9.197524,12.943822
17.791824,18.864620,11.575094,15.401908,14.376196,19.357654,18.817305,8.443899,9.211093,12.949839
17.794127,18.902682,11.603369,15.412996,14.389881,19.379264,18.851090,8.463393,9.224661,12.955855
17.796429,18.940745,11.631644,15.424084,14.403567,19.400875,18.884874,8.482886,9.238230,12.961871
17.798732,18.978807,11.659919,15.435172,14.417253,19.422485,18.918659,8.502379,9.251798,12.967888
17.801034,19.016870,11.688194,15.446260,14.430939,19.444095,18.952444,8.521873,9.265367,12.973904
17.803337,19.054932,11.716469,15.457347,14.444624,19.465706,18.986228,8.541366,9.278936,12.979921
17.805639,19.092995,11.744744,15.468435,14.458310,19.487316,19.020013,8.560859,9.292504,12.985937
17.807942,19.131057,11.773019,15.479523,14.471996,19.508926,19.053798,8.580353,9.306073,12.991953
17.810244,19.169120,11.801294,15.490611,14.485682,19.530537,19.087582,8.599846,9.319641,12.997970
17.812547,19.207182,11.829569,15.501699,14.499367,19.552147,19.121367,8.619339,9.333210,13.003986
17.814849,19.245245,11.857843,15.512786,14.513053,19.573757,19.155151,8.638833,9.346778,13.010002
17.817152,19.283307,11.886118,15.523874,14.526739,19.595367,19.188936,8.658326,9.360347,13.016019
17.819454,19.321370,11.914393,15.534962,14.540425,19.616978,19.222721,8.677819,9.373915,13.022035
17.821757,19.359432,11.942668,15.546050,14.554110,19.638588,19.256505,8.697313,9.387484,13.028051
17.824059,19.397495,11.970943,15.557137,14.567796,19.660198,19.290290,8.716806,9.401053,13.034068
17.826362,19.435557,11.999218,15.568225,14.581482,19.681809,19.324075,8.736300,9.414621,13.040084
17.828664,19.473620,12.027493,15.579313,14.595168,19.703419,19.357859,8.755793,9.428190,13.046100
17.830967,19.511682,12.055768,15.590401,14.608853,19.725029,19.391644,8.775286,9.441758,13.052117
17.833270,19.549745,12.084043,15.601489,14.622539,19.746640,19.425428,8.794780,9.455327,13.058133
17.835572,19.587807,12.112318,15.612576,14.636225,19.768250,19.459213,8.814273,9.468895,13.064150
17.837875,19.625870,12.140593,15.623664,14.649911,19.789860,19.492998,8.833766,9.482464,13.070166
17.840177,19.663932,12.168868,15.634752,14.663596,19.811470,19.526782,8.853260,9.496032,13.076182
17.842480,19.701995,12.197143,15.645840,14.677282,19.833081,19.560567,8.872753,9.509601,13.082199
17.844782,19.740057,12.225418,15.656928,14.690968,19.854691,19.594352,8.892246,9.523169,13.088215
17.847085,19.778120,12.253693,15.668015,14.704654,19.876301,19.628136,8.911740,9.536738,13.094231
17.849387,19.816182,12.281968,15.679103,14.718339,19.897912,19.661921,8.931233,9.550307,13.100248
17.851690,19.854245,12.310242,15.690191,14.732025,19.919522,19.695705,8.950726,9.563875,13.106264
17.853992,19.892307,12.338517,15.701279,14.745711,19.941132,19.729490,8.970220,9.577444,13.112280
17.856295,19.930370,12.366792,15.712367,14.759397,19.962743,19.763275,8.989713,9.591012,13.118297
17.858597,19.968432,12.395067,15.723455,14.773082,19.984353,19.797059,9.009206,9.604581,13.124313
17.860900,20.006495,12.423342,15.734542,14.786768,20.005963,19.830844,9.028700,9.618149,13.130330
17.863202,20.044558,12.451617,15.745630,14.800454,20.027574,19.864628,9.048193,9.631718,13.136346
17.865505,20.082620,12.479892,15.756718,14.814140,20.049184,19.898413,9.067686,9.645286,13.142362
17.867807,20.120683,12.508167,15.767806,14.827825,20.070794,19.932198,9.087180,9.658855,13.148379
17.870110,20.158745,12.536442,15.778894,14.841511,20.092404,19.965982,9.106673,9.672424,13.154395
17.872412,20.196808,12.564717,15.789981,14.855197,20.114015,19.999767,9.126166,9.685992,13.160411
17.874715,20.234870,12.592992,15.801069,14.868883,20.135625,20.033552,9.145660,9.699561,13.166428
17.877018,20.272933,12.621267,15.812157,14.882568,20.157235,20.067336,9.165153,9.713129,13.172444
17.879320,20.310995,12.649542,15.823245,14.896254,20.178846,20.101121,9.184646,9.726698,13.178460
17.881623,20.349058,12.677817,15.834333,14.909940,20.200456,20.134905,9.204140,9.740266,13.184477
17.883925,20.387120,12.706092,15.845420,14.923626,20.222066,20.168690,9.223633,9.753835,13.190493
17.886228,20.425183,12.734366,15.856508,14.937311,20.243677,20.202475,9.243127,9.767403,13.196509
17.888530,20.463245,12.762641,15.867596,14.950997,20.265287,20.236259,9.262620,9.780972,13.202526
17.890833,20.501308,12.790916,15.878684,14.964683,20.286897,20.270044,9.282113,9.794541,13.208542
17.893135,20.539370,12.819191,15.889772,14.978369,20.308507,20.303828,9.301607,9.808109,13.214559
17.895438,20.577433,12.847466,15.900859,14.992054,20.330118,20.337613,9.321100,9.821678,13.220575
17.897740,20.615495,12.875741,15.911947,15.005740,20.351728,20.371398,9.340593,9.835246,13.226591
17.900043,20.653558,12.904016,15.923035,15.019426,20.373338,20.405182,9.360087,9.848815,13.232608
17.902345,20.691620,12.932291,15.934123,15.033112,20.394949,20.438967,9.379580,9.862383,13.238624
17.904648,20.729683,12.960566,15.945211,15.046797,20.416559,20.472752,9.399073,9.875952,13.244640
17.906950,20.767745,12.988841,15.956298,15.060483,20.438169,20.506536,9.418567,9.889520,13.250657
17.909253,20.805808,13.017116,15.967386,15.074169,20.459780,20.540321,9.438060,9.903089,13.256673
17.911555,20.843870,13.045391,15.978474,15.087855,20.481390,20.574105,9.457553,9.916657,13.262689
17.913858,20.881933,13.073666,15.989562,15.101540,20.503000,20.607890,9.477047,9.930226,13.268706
17.916160,20.919995,13.101941,16.000650,15.115226,20.524610,20.641675,9.496540,9.943795,13.274722
17.918463,20.958058,13.130216,16.011737,15.128912,20.546221,20.675459,9.516033,9.957363,13.280739
17.920766,20.996120,13.158491,16.022825,15.142598,20.567831,20.709244,9.535527,9.970932,13.286755
17.923068,21.034183,13.186765,16.033913,15.156283,20.589441,20.743028,9.555020,9.984500,13.292771
17.925371,21.072245,13.215040,16.045001,15.169969,20.611052,20.776813,9.574513,9.998069,13.298788
17.927673,21.110308,13.243315,16.056089,15.183655,20.632662,20.810598,9.594007,10.011637,13.304804
17.929976,21.148370,13.271590,16.067176,15.197341,20.654272,20.844382,9.613500,10.025206,13.310820
17.932278,21.186433,13.299865,16.078264,15.211026,20.675883,20.878167,9.632993,10.038774,13.316837
17.934581,21.224495,13.328140,16.089352,15.224712,20.697493,20.911951,9.652487,10.052343,13.322853
17.936883,21.262558,13.356415,16.100440,15.238398,20.719103,20.945736,9.671980,10.065912,13.328869
17.939186,21.300620,13.384690,16.111528,15.252084,20.740714,20.979521,9.691473,10.079480,13.334886
17.941488,21.338683,13.412965,16.122616,15.265769,20.762324,21.013305,9.710967,10.093049,13.340902
17.943791,21.376745,13.441240,16.133703,15.279455,20.783934,21.047090,9.730460,10.106617,13.346918
17.946093,21.414808,13.469515,16.144791,15.293141,20.805544,21.080875,9.749954,10.120186,13.352935
17.948396,21.452870,13.497790,16.155879,15.306827,20.827155,21.114659,9.769447,10.133754,13.358951
17.950698,21.490933,13.526065,16.166967,15.320512,20.848765,21.148444,9.788940,10.147323,13.364968
17.953001,21.528995,13.554340,16.178055,15.334198,20.870375,21.182228,9.808434,10.160891,13.370984
17.955303,21.567058,13.582615,16.189142,15.347884,20.891986,21.216013,9.827927,10.174460,13.377000
17.957606,21.605120,13.610890,16.200230,15.361570,20.913596,21.249798,9.847420,10.188028,13.383017
17.959908,21.643183,13.639164,16.211318,15.375255,20.935206,21.283582,9.866914,10.201597,13.389033
17.962211,21.681245,13.667439,16.222406,15.388941,20.956817,21.317367,9.886407,10.215166,13.395049
17.964514,21.719308,13.695714,16.233494,15.402627,20.978427,21.351151,9.905900,10.228734,13.401066
17.966816,21.757370,13.723989,16.244581,15.416313,21.000037,21.384936,9.925394,10.242303,13.407082
17.969119,21.795433,13.752264,16.255669,15.429998,21.021647,21.418721,9.944887,10.255871,13.413098
17.971421,21.833495,13.780539,16.266757,15.443684,21.043258,21.452505,9.964380,10.269440,13.419115
17.973724,21.871558,13.808814,16.277845,15.457370,21.064868,21.486290,9.983874,10.283008,13.425131
17.976026,21.909620,13.837089,16.288933,15.471056,21.086478,21.520074,10.003367,10.296577,13.431148
17.978329,21.947683,13.865364,16.300020,15.484741,21.108089,21.553859,10.022860,10.310145,13.437164
17.980631,21.985745,13.893639,16.311108,15.498427,21.129699,21.587644,10.042354,10.323714,13.443180
17.982934,22.023808,13.921914,16.322196,15.512113,21.151309,21.621428,10.061847,10.337283,13.449197
17.985236,22.061870,13.950189,16.333284,15.525799,21.172920,21.655213,10.081340,10.350851,13.455213
17.987539,22.099933,13.978464,16.344372,15.539484,21.194530,21.688997,10.100834,10.364420,13.461229
17.989841,22.137995,14.006739,16.355460,15.553170,21.216140,21.722782,10.120327,10.377988,13.467246
17.992144,22.176058,14.035014,16.366547,15.566856,21.237751,21.756567,10.139820,10.391557,13.473262
17.994446,22.214120,14.063289,16.377635,15.580542,21.259361,21.790351,10.159314,10.405125,13.479278
17.996749,22.252183,14.091564,16.388723,15.594227,21.280971,21.824136,10.178807,10.418694,13.485295
17.999051,22.290245,14.119839,16.399811,15.607913,21.302581,21.857921,10.198301,10.432262,13.491311
18.001354,22.328308,14.148113,16.410899,15.621599,21.324192,21.891705,10.217794,10.445831,13.497328
18.003656,22.366370,14.176388,16.421986,15.635285,21.345802,21.925490,10.237287,10.459400,13.503344
18.005959,22.404433,14.204663,16.433074,15.648970,21.367412,21.959274,10.256781,10.472968,13.509360
18.008262,22.442495,14.232938,16.444162,15.662656,21.389023,21.993059,10.276274,10.486537,13.515377
18.010564,22.480558,14.261213,16.455250,15.676342,21.410633,22.026844,10.295767,10.500105,13.521393
18.012867,22.518620,14.289488,16.466338,15.690028,21.432243,22.060628,10.315261,10.513674,13.527409
18.015169,22.556683,14.317763,16.477426,15.703713,21.453854,22.094413,10.334754,10.527242,13.533426
18.017472,22.594746,14.346038,16.488513,15.717399,21.475464,22.128197,10.354247,10.540811,13.539442
18.019774,22.632808,14.374313,16.499601,15.731085,21.497074,22.161982,10.373741,10.554379,13.545458
18.022077,22.670871,14.402588,16.510689,15.744770,21.518685,22.195767,10.393234,10.567948,13.551475
18.024379,22.708933,14.430863,16.521777,15.758456,21.540295,22.229551,10.412727,10.581516,13.557491
18.026682,22.746996,14.459138,16.532865,15.772142,21.561905,22.263336,10.432221,10.595085,13.563507
18.028984,22.785058,14.487413,16.543952,15.785828,21.583515,22.297120,10.451714,10.608654,13.569524
18.031287,22.823121,14.515688,16.555040,15.799513,21.605126,22.330905,10.471207,10.622222,13.575540
18.033589,22.861183,14.543963,16.566128,15.813199,21.626736,22.364690,10.490701,10.635791,13.581557
18.035892,22.899246,14.572238,16.577216,15.826885,21.648346,22.398474,10.510194,10.649359,13.587573
18.038194,22.937308,14.600513,16.588304,15.840571,21.669957,22.432259,10.529687,10.662928,13.593589
18.040497,22.975371,14.628788,16.599392,15.854256,21.691567,22.466043,10.549181,10.676496,13.599606
18.042799,23.013433,14.657063,16.610479,15.867942,21.713177,22.499828,10.568674,10.690065,13.605622
18.045102,23.051496,14.685338,16.621567,15.881628,21.734788,22.533613,10.588167,10.703633,13.611638
18.047404,23.089558,14.713613,16.632655,15.895313,21.756398,22.567397,10.607661,10.717202,13.617655
18.049707,23.127621,14.741888,16.643743,15.908999,21.778008,22.601182,10.627154,10.730771,13.623671
18.052010,23.165683,14.770163,16.654831,15.922685,21.799618,22.634966,10.646647,10.744339,13.629687
18.054312,23.203746,14.798438,16.665918,15.936370,21.821229,22.668751,10.666141,10.757908,13.635704
18.056615,23.241808,14.826713,16.677006,15.950056,21.842839,22.702536,10.685634,10.771476,13.641720
18.058917,23.279871,14.854988,16.688094,15.963742,21.864449,22.736320,10.705128,10.785045,13.647737
18.061220,23.317933,14.883263,16.699182,15.977428,21.886060,22.770105,10.724621,10.798613,13.653753
18.063522,23.355996,14.911538,16.710270,15.991113,21.907670,22.803889,10.744114,10.812182,13.659769
18.065825,23.394058,14.939813,16.721358,16.004799,21.929280,22.837674,10.763608,10.825750,13.665786
18.068127,23.432121,14.968088,16.732445,16.018485,21.950891,22.871459,10.783101,10.839319,13.671802
18.070430,23.470183,14.996363,16.743533,16.032170,21.972501,22.905243,10.802594,10.852887,13.677818
18.072732,23.508246,15.024638,16.754621,16.045856,21.994111,22.939028,10.822088,10.866456,13.683835
18.075035,23.546308,15.052913,16.765709,16.059542,22.015722,22.972812,10.841581,10.880025,13.689851
18.077337,23.584371,15.081188,16.776797,16.073227,22.037332,23.006597,10.861074,10.893593,13.695867
18.079640,23.622433,15.109463,16.787884,16.086913,22.058942,23.040382,10.880568,10.907162,13.701884
18.081942,23.660496,15.137738,16.798972,16.100599,22.080552,23.074166,10.900061,10.920730,13.707900
18.084245,23.698558,15.166013,16.810060,16.114284,22.102163,23.107951,10.919554,10.934299,13.713917
18.086547,23.736621,15.194288,16.821148,16.127970,22.123773,23.141735,10.939048,10.947867,13.719933
18.088850,23.774683,15.222563,16.832236,16.141655,22.145383,23.175520,10.958541,10.961436,13.725949
18.091152,23.812746,15.250838,16.843324,16.155341,22.166994,23.209305,10.978034,10.975004,13.731966
18.093455,23.850808,15.279113,16.854411,16.169027,22.188604,23.243089,10.997528,10.988573,13.737982
18.095758,23.888871,15.307388,16.865499,16.182712,22.210214,23.276874,11.017021,11.002142,13.743998
18.098060,23.926933,15.335663,16.876587,16.196398,22.231825,23.310658,11.036514,11.015710,13.750015
18.100363,23.964996,15.363938,16.887675,16.210084,22.253435,23.344443,11.056008,11.029279,13.756031
18.102665,24.003058,15.392213,16.898763,16.223769,22.275045,23.378228,11.075501,11.042847,13.762047
18.104968,24.041121,15.420488,16.909851,16.237455,22.296656,23.412012,11.094994,11.056416,13.768064
18.107270,24.079183,15.448764,16.920938,16.251140,22.318266,23.445797,11.114488,11.069984,13.774080
18.109573,24.117246,15.477039,16.932026,16.264826,22.339876,23.479581,11.133981,11.083553,13.780096
18.111875,24.155308,15.505314,16.943114,16.278512,22.361486,23.513366,11.153474,11.097121,13.786113
18.114178,24.193371,15.533589,16.954202,16.292197,22.383097,23.547151,11.172968,11.110690,13.792129
18.116480,24.231433,15.561864,16.965290,16.305883,22.404707,23.580935,11.192461,11.124258,13.798146
18.118783,24.269496,15.590139,16.976377,16.319569,22.426317,23.614720,11.211955,11.137827,13.804162
18.121085,24.307558,15.618414,16.987465,16.333254,22.447928,23.648504,11.231448,11.151396,13.810178
18.123388,24.345621,15.646689,16.998553,16.346940,22.469538,23.682289,11.250941,11.164964,13.816195
18.125690,24.383683,15.674964,17.009641,16.360625,22.491148,23.716073,11.270435,11.178533,13.822211
18.127993,24.421746,15.703239,17.020729,16.374311,22.512759,23.749858,11.289928,11.192101,13.828227
18.130295,24.459808,15.731514,17.031817,16.387997,22.534369,23.783643,11.309421,11.205670,13.834244
18.132598,24.497871,15.759789,17.042904,16.401682,22.555979,23.817427,11.328915,11.219238,13.840260
18.134900,24.535933,15.788065,17.053992,16.415368,22.577590,23.851212,11.348408,11.232807,13.846276
18.137203,24.573996,15.816340,17.065080,16.429053,22.599200,23.884996,11.367901,11.246375,13.852293
18.139506,24.612058,15.844615,17.076168,16.442739,22.620810,23.918781,11.387395,11.259944,13.858309
18.141808,24.650121,15.872890,17.087256,16.456425,22.642420,23.952566,11.406888,11.273513,13.864326
18.144111,24.688183,15.901165,17.098344,16.470110,22.664031,23.986350,11.426381,11.287081,13.870342
18.146413,24.674481,15.929440,17.109431,16.483796,22.685641,24.020135,11.445875,11.300650,13.876358
18.148716,24.636418,15.957715,17.120519,16.497481,22.707251,24.053919,11.465368,11.314218,13.882375
18.151018,24.598356,15.985990,17.131607,16.511167,22.728862,24.087704,11.484861,11.327787,13.888391
18.153321,24.560293,16.014265,17.142695,16.524852,22.750472,24.121489,11.504355,11.341355,13.894407
18.155623,24.522231,16.042540,17.153783,16.538538,22.772082,24.155273,11.523848,11.354924,13.900424
18.157926,24.484168,16.070816,17.164871,16.552224,22.793693,24.189058,11.543341,11.368492,13.906440
18.160228,24.446106,16.099091,17.175958,16.565909,22.815303,24.222842,11.562835,11.382061,13.912456
18.162531,24.408043,16.127366,17.187046,16.579595,22.836913,24.256627,11.582328,11.395630,13.918473
18.164833,24.369981,16.155641,17.198134,16.593280,22.858524,24.290412,11.601821,11.409198,13.924489
18.167136,24.331918,16.183916,17.209222,16.606966,22.880134,24.324196,11.621315,11.422767,13.930506
18.169438,24.293856,16.212191,17.220310,16.620652,22.901744,24.357981,11.640808,11.436335,13.936522
18.171741,24.255793,16.240466,17.231397,16.634337,22.923355,24.391765,11.660301,11.449904,13.942538
18.174043,24.217731,16.268741,17.242485,16.648023,22.944965,24.425550,11.679795,11.463472,13.948555
18.176346,24.179668,16.297016,17.253573,16.661708,22.966575,24.459335,11.699288,11.477041,13.954571
18.178649,24.141606,16.325291,17.264661,16.675394,22.988185,24.493119,11.718782,11.490609,13.960587
18.180951,24.103543,16.353567,17.275749,16.689080,23.009796,24.526904,11.738275,11.504178,13.966604
18.183254,24.065481,16.381842,17.286837,16.702765,23.031406,24.560688,11.757768,11.517746,13.972620
18.185556,24.027418,16.410117,17.297924,16.716451,23.053016,24.594473,11.777262,11.531315,13.978636
18.187859,23.989356,16.438392,17.309012,16.730136,23.074627,24.628257,11.796755,11.544884,13.984653
18.190161,23.951293,16.466667,17.320100,16.743822,23.096237,24.662042,11.816248,11.558452,13.990669
18.192464,23.913231,16.494942,17.331188,16.757507,23.117847,24.695827,11.835742,11.572021,13.996686
18.194766,23.875168,16.523217,17.342276,16.771193,23.139458,24.670826,11.855235,11.585589,14.002702
18.197069,23.837106,16.551492,17.353364,16.784879,23.161068,24.637041,11.874728,11.599158,14.008718
18.199371,23.799043,16.579767,17.364451,16.798564,23.182678,24.603257,11.894222,11.612726,14.014735
18.201674,23.760981,16.608043,17.375539,16.812250,23.204289,24.569472,11.913715,11.626295,14.020751
18.203976,23.722918,16.636318,17.386627,16.825935,23.225899,24.535688,11.933208,11.639863,14.026767
18.206279,23.684856,16.664593,17.397715,16.839621,23.247509,24.501903,11.952702,11.653432,14.032784
18.208581,23.646793,16.692868,17.408803,16.853307,23.269120,24.468118,11.972195,11.667001,14.038800
18.210884,23.608731,16.721143,17.419891,16.866992,23.290730,24.434334,11.991688,11.680569,14.044816
18.213186,23.570668,16.749418,17.430978,16.880678,23.312340,24.400549,12.011182,11.694138,14.050833
18.215489,23.532605,16.777693,17.442066,16.894363,23.333951,24.366765,12.030675,11.707706,14.056849
18.217791,23.494543,16.805968,17.453154,16.908049,23.355561,24.332980,12.050168,11.721275,14.062865
18.220094,23.456480,16.834243,17.464242,16.921734,23.377171,24.299196,12.069662,11.734843,14.068882
18.222397,23.418418,16.862518,17.475330,16.935420,23.398782,24.265411,12.089155,11.748412,14.074898
18.224699,23.380355,16.890794,17.486418,16.949106,23.420392,24.231626,12.108648,11.761980,14.080915
18.227002,23.342293,16.919069,17.497505,16.962791,23.442002,24.197842,12.128142,11.775549,14.086931
18.229304,23.304230,16.947344,17.508593,16.976477,23.463613,24.164057,12.147635,11.789117,14.092947
18.231607,23.266168,16.975619,17.519681,16.990162,23.485223,24.130273,12.167129,11.802686,14.098964
18.233909,23.228105,17.003894,17.530769,17.003848,23.506833,24.096488,12.186622,11.816255,14.104980
18.236212,23.190043,17.032169,17.541857,17.017534,23.528444,24.062703,12.206115,11.829823,14.110996
18.238514,23.151980,17.060444,17.552945,17.031219,23.550054,24.028919,12.225609,11.843392,14.117013
18.240817,23.113918,17.088719,17.564032,17.044905,23.571664,23.995134,12.245102,11.856960,14.123029
18.243119,23.075855,17.116994,17.575120,17.058590,23.593274,23.961350,12.264595,11.870529,14.129045
18.245422,23.037793,17.145270,17.586208,17.072276,23.614885,23.927565,12.284089,11.884097,14.135062
18.247724,22.999730,17.173545,17.597296,17.085961,23.636495,23.893780,12.303582,11.897666,14.141078
18.250027,22.961668,17.201820,17.608384,17.099647,23.658105,23.859996,12.323075,11.911234,14.147095
18.252329,22.923606,17.230095,17.619472,17.113333,23.679715,23.826211,12.342569,11.924803,14.153111
18.254632,22.885543,17.258370,17.630559,17.127018,23.701326,23.792427,12.362062,11.938372,14.159127
18.256934,22.847481,17.286645,17.641647,17.140704,23.722936,23.758642,12.381555,11.951940,14.165144
18.259237,22.809419,17.314920,17.652735,17.154389,23.744546,23.724857,12.401049,11.965509,14.171160
18.261539,22.771356,17.343195,17.663823,17.168075,23.766156,23.691073,12.420542,11.979077,14.177176
18.263842,22.733294,17.371470,17.674911,17.181760,23.787766,23.657288,12.440035,11.992646,14.183193
18.266144,22.695232,17.399745,17.685999,17.195446,23.809376,23.623504,12.459529,12.006214,14.189209
18.268447,22.657169,17.428021,17.697087,17.209132,23.830986,23.589719,12.479022,12.019783,14.195225
18.270750,22.619107,17.456296,17.708174,17.222817,23.852596,23.555935,12.498515,12.033351,14.201242
18.273052,22.581045,17.484571,17.719262,17.236503,23.874206,23.522150,12.518009,12.046920,14.207258
18.275355,22.542982,17.512846,17.730350,17.250188,23.895816,23.488365,12.537502,12.060489,14.213275
18.277657,22.504920,17.541121,17.741438,17.263874,23.917427,23.454581,12.556995,12.074057,14.219291
18.279960,22.466858,17.569396,17.752526,17.277560,23.939037,23.420796,12.576489,12.087626,14.225307
18.282262,22.428796,17.597671,17.763614,17.291245,23.960647,23.387012,12.595982,12.101194,14.231324
18.284565,22.390733,17.625946,17.774701,17.304931,23.982257,23.353227,12.615475,12.114763,14.237340
18.286867,22.352671,17.654221,17.785789,17.318616,24.003867,23.319442,12.634969,12.128331,14.243356
18.289170,22.314609,17.682497,17.796877,17.332302,24.025477,23.285658,12.654462,12.141900,14.249373
18.291472,22.276547,17.710772,17.807965,17.345987,24.047087,23.251873,12.673956,12.155468,14.255389
18.293775,22.238484,17.739047,17.819053,17.359673,24.068697,23.218089,12.693449,12.169037,14.261405
18.296077,22.200422,17.767322,17.830141,17.373359,24.090307,23.184304,12.712942,12.182605,14.267422
18.298380,22.162360,17.795597,17.841228,17.387044,24.111917,23.150519,12.732436,12.196174,14.273438
18.300682,22.124297,17.823872,17.852316,17.400730,24.133527,23.116735,12.751929,12.209743,14.279455
18.302985,22.086235,17.852147,17.863404,17.414415,24.155137,23.082950,12.771422,12.223311,14.285471
18.305287,22.048173,17.880422,17.874492,17.428101,24.176748,23.049166,12.790916,12.236880,14.291487
18.307590,22.010111,17.908697,17.885580,17.441787,24.198358,23.015381,12.810409,12.250448,14.297504
18.309892,21.972048,17.936972,17.896668,17.455472,24.219968,22.981596,12.829902,12.264017,14.303520
18.312195,21.933986,17.965248,17.907755,17.469158,24.241578,22.947812,12.849396,12.277585,14.309536
18.314498,21.895924,17.993523,17.918843,17.482843,24.263188,22.914027,12.868889,12.291154,14.315553
18.316800,21.857862,18.021798,17.929931,17.496529,24.284798,22.880243,12.888382,12.304722,14.321569
18.319103,21.819799,18.050073,17.941019,17.510214,24.293874,22.846458,12.907876,12.318291,14.327585
18.321405,21.781737,18.078348,17.952107,17.523900,24.272264,22.812673,12.927369,12.331860,14.333602
18.323708,21.743675,18.106623,17.963195,17.537586,24.250654,22.778889,12.946862,12.345428,14.339618
18.326010,21.705613,18.134898,17.974283,17.551271,24.229044,22.745104,12.966356,12.358997,14.345635
18.328313,21.667550,18.163173,17.985370,17.564957,24.207434,22.711320,12.985849,12.372565,14.351651
18.330615,21.629488,18.191448,17.996458,17.578642,24.185824,22.677535,13.005342,12.386134,14.357667
18.332918,21.591426,18.219724,18.007546,17.592328,24.164214,22.643750,13.024836,12.399702,14.363684
18.335220,21.553363,18.247999,18.018634,17.606014,24.142604,22.609966,13.044329,12.413271,14.369700
18.337523,21.515301,18.276274,18.029722,17.619699,24.120994,22.576181,13.063822,12.426839,14.375716
18.339825,21.477239,18.304549,18.040810,17.633385,24.099383,22.542397,13.083316,12.440408,14.381733
18.342128,21.439177,18.332824,18.051897,17.647070,24.077773,22.508612,13.102809,12.453976,14.387749
18.344430,21.401114,18.361099,18.062985,17.660756,24.056163,22.474827,13.122302,12.467545,14.393765
18.346733,21.363052,18.389374,18.074073,17.674441,24.034553,22.441043,13.141796,12.481114,14.399782
18.349035,21.324990,18.417649,18.085161,17.688127,24.012943,22.407258,13.161289,12.494682,14.405798
18.351338,21.286928,18.445924,18.096249,17.701813,23.991333,22.373474,13.180783,12.508251,14.411814
18.353640,21.248865,18.474199,18.107337,17.715498,23.969723,22.339689,13.200276,12.521819,14.417831
18.355943,21.210803,18.502475,18.118425,17.729184,23.948113,22.305904,13.219769,12.535388,14.423847
18.358246,21.172741,18.530750,18.129512,17.742869,23.926503,22.272120,13.239263,12.548956,14.429864
18.360548,21.134678,18.559025,18.140600,17.756555,23.904893,22.238335,13.258756,12.562525,14.435880
18.362851,21.096616,18.587300,18.151688,17.770241,23.883283,22.204551,13.278249,12.576093,14.441896
18.365153,21.058554,18.615575,18.162776,17.783926,23.861673,22.170766,13.297743,12.589662,14.447913
18.367456,21.020492,18.643850,18.173864,17.797612,23.840063,22.136981,13.317236,12.603231,14.453929
18.369758,20.982429,18.672125,18.184952,17.811297,23.818452,22.103197,13.336729,12.616799,14.459945
18.372061,20.944367,18.700400,18.196039,17.824983,23.796842,22.069412,13.356223,12.630368,14.465962
18.374363,20.906305,18.728675,18.207127,17.838668,23.775232,22.035628,13.375716,12.643936,14.471978
18.376666,20.868243,18.756951,18.218215,17.852354,23.753622,22.001843,13.395209,12.657505,14.477994
18.378968,20.830180,18.785226,18.229303,17.866040,23.732012,21.968058,13.414703,12.671073,14.484011
18.381271,20.792118,18.813501,18.240391,17.879725,23.710402,21.934274,13.434196,12.684642,14.490027
18.383573,20.754056,18.841776,18.251479,17.893411,23.688792,21.900489,13.453689,12.698210,14.496044
18.385876,20.715993,18.870051,18.262567,17.907096,23.667182,21.866705,13.473183,12.711779,14.502060
18.388178,20.677931,18.898326,18.273654,17.920782,23.645572,21.832920,13.492676,12.725348,14.508076
18.390481,20.639869,18.926601,18.284742,17.934468,23.623962,21.799135,13.512169,12.738916,14.514093
18.392783,20.601807,18.954876,18.295830,17.948153,23.602352,21.765351,13.531663,12.752485,14.520109
18.395086,20.563744,18.983151,18.306918,17.961839,23.580742,21.731566,13.551156,12.766053,14.526125
18.397388,20.525682,19.011426,18.318006,17.975524,23.559132,21.697781,13.570649,12.779622,14.532142
18.399691,20.487620,19.039702,18.329094,17.989210,23.537521,21.663997,13.590143,12.793190,14.538158
18.401994,20.449558,19.067977,18.340181,18.002895,23.515911,21.630212,13.609636,12.806759,14.544174
18.404296,20.411495,19.096252,18.351269,18.016581,23.494301,21.596428,13.629129,12.820327,14.550191
18.406599,20.373433,19.124527,18.362357,18.030267,23.472691,21.562643,13.648623,12.833896,14.556207
18.408901,20.335371,19.152802,18.373445,18.043952,23.451081,21.528858,13.668116,12.847464,14.562224
18.411204,20.297308,19.181077,18.384533,18.057638,23.429471,21.495074,13.687610,12.861033,14.568240
18.413506,20.259246,19.209352,18.395621,18.071323,23.407861,21.461289,13.707103,12.874602,14.574256
18.415809,20.221184,19.237627,18.406709,18.085009,23.386251,21.427505,13.726596,12.888170,14.580273
18.418111,20.183122,19.265902,18.417796,18.098695,23.364641,21.393720,13.746090,12.901739,14.586289
18.420414,20.145059,19.294178,18.428884,18.112380,23.343031,21.359935,13.765583,12.915307,14.592305
18.422716,20.106997,19.322453,18.439972,18.126066,23.321421,21.326151,13.785076,12.928876,14.598322
18.425019,20.068935,19.350728,18.451060,18.139751,23.299811,21.292366,13.804570,12.942444,14.604338
18.427321,20.030873,19.379003,18.462148,18.153437,23.278200,21.258582,13.824063,12.956013,14.610354
18.429624,19.992810,19.407278,18.473236,18.167122,23.256590,21.224797,13.843556,12.969581,14.616371
18.431926,19.954748,19.435553,18.484324,18.180808,23.234980,21.191012,13.863050,12.983150,14.622387
18.434229,19.916686,19.463828,18.495411,18.194494,23.213370,21.157228,13.882543,12.996719,14.628404
18.436531,19.878624,19.492103,18.506499,18.208179,23.191760,21.123443,13.902036,13.010287,14.634420
18.438834,19.840561,19.520378,18.517587,18.221865,23.170150,21.089659,13.921530,13.023856,14.640436
18.441136,19.802499,19.548653,18.528675,18.235550,23.148540,21.055874,13.941023,13.037424,14.646453
18.443439,19.764437,19.576929,18.539763,18.249236,23.126930,21.022089,13.960516,13.050993,14.652469
18.445742,19.726374,19.605204,18.550851,18.262922,23.105320,20.988305,13.980010,13.064561,14.658485
18.448044,19.688312,19.633479,18.561939,18.276607,23.083710,20.954520,13.999503,13.078130,14.664502
18.450347,19.650250,19.661754,18.573026,18.290293,23.062100,20.920735,14.018996,13.091698,14.670518
18.452649,19.612188,19.690029,18.584114,18.303978,23.040490,20.886951,14.038490,13.105267,14.676534
18.454952,19.574125,19.718304,18.595202,18.317664,23.018880,20.853166,14.057983,13.118835,14.682551
18.457254,19.536063,19.746579,18.606290,18.331349,22.997269,20.819382,14.077476,13.132404,14.688567
18.459557,19.498001,19.774854,18.617378,18.345035,22.975659,20.785597,14.096970,13.145973,14.694584
18.461859,19.459939,19.803129,18.628466,18.358721,22.954049,20.751812,14.116463,13.159541,14.700600
18.464162,19.421876,19.831405,18.639553,18.372406,22.932439,20.718028,14.135957,13.173110,14.706616
18.466464,19.383814,19.859680,18.650641,18.386092,22.910829,20.684243,14.155450,13.186678,14.712633
18.468767,19.345752,19.887955,18.661729,18.399777,22.889219,20.650459,14.174943,13.200247,14.718649
18.471069,19.307689,19.916230,18.672817,18.413463,22.867609,20.616674,14.194437,13.213815,14.724665
18.473372,19.269627,19.944505,18.683905,18.427149,22.845999,20.582889,14.213930,13.227384,14.730682
18.475674,19.231565,19.972780,18.694993,18.440834,22.824389,20.549105,14.233423,13.240952,14.736698
18.477977,19.193503,20.001055,18.706081,18.454520,22.802779,20.515320,14.252917,13.254521,14.742714
18.480279,19.155440,20.029330,18.717168,18.468205,22.781169,20.481535,14.272410,13.268090,14.748731
18.482582,19.117378,20.057605,18.728256,18.481891,22.759559,20.447751,14.291903,13.281658,14.754747
18.484884,19.079316,20.085881,18.739344,18.495577,22.737949,20.413966,14.311397,13.295227,14.760763
18.487187,19.041254,20.114156,18.750432,18.509262,22.716338,20.380182,14.330890,13.308795,14.766780
18.489490,19.003191,20.142431,18.761520,18.522948,22.694728,20.346397,14.350383,13.322364,14.772796
18.491792,18.965129,20.170706,18.772608,18.536633,22.673118,20.312612,14.369877,13.335932,14.778813
18.494095,18.927067,20.198981,18.783696,18.550319,22.651508,20.278828,14.389370,13.349501,14.784829
18.496397,18.889004,20.227256,18.794783,18.564004,22.629898,20.245043,14.408863,13.363069,14.790845
18.498700,18.850942,20.255531,18.805871,18.577690,22.608288,20.211258,14.428357,13.376638,14.796862
18.501002,18.812880,20.283806,18.816959,18.591376,22.586678,20.177474,14.447850,13.390207,14.802878
18.503305,18.774818,20.312082,18.828047,18.605061,22.565068,20.143689,14.467343,13.403775,14.808894
18.505607,18.736755,20.340357,18.839135,18.618747,22.543458,20.109905,14.486837,13.417344,14.814911
18.507910,18.698693,20.368632,18.850223,18.632432,22.521848,20.076120,14.506330,13.430912,14.820927
18.510212,18.660631,20.396907,18.861311,18.646118,22.500238,20.042335,14.525823,13.444481,14.826943
18.512515,18.622569,20.425182,18.872398,18.659804,22.478628,20.008551,14.545317,13.458049,14.832960
18.514817,18.584506,20.453457,18.883486,18.673489,22.457018,19.974766,14.564810,13.471618,14.838976
18.517120,18.546444,20.481732,18.894574,18.687175,22.435407,19.940981,14.584304,13.485186,14.844993
18.519422,18.508382,20.510007,18.905662,18.700860,22.413797,19.907197,14.603797,13.498755,14.851009
18.521725,18.470320,20.538282,18.916750,18.714546,22.392187,19.873412,14.623290,13.512323,14.857025
18.524027,18.432257,20.566558,18.927838,18.728231,22.370577,19.839628,14.642784,13.525892,14.863042
18.526330,18.394195,20.594833,18.938925,18.741917,22.348967,19.805843,14.662277,13.539461,14.869058
18.528632,18.356133,20.623108,18.950013,18.755603,22.327357,19.772058,14.681770,13.553029,14.875074
18.530935,18.318070,20.651383,18.961101,18.769288,22.305747,19.738274,14.701264,13.566598,14.881091
18.533238,18.280008,20.679658,18.972189,18.782974,22.284137,19.704489,14.720757,13.580166,14.887107
18.535540,18.241946,20.707933,18.983277,18.796659,22.262527,19.670704,14.740250,13.593735,14.893123
18.537843,18.203884,20.736208,18.994364,18.810345,22.240917,19.636920,14.759744,13.607303,14.899140
18.540145,18.165821,20.764483,19.005452,18.824031,22.219307,19.603135,14.779237,13.620872,14.905156
18.542448,18.127759,20.792758,19.016540,18.837716,22.197697,19.569351,14.798730,13.634440,14.911172
18.544750,18.089697,20.821034,19.027628,18.851402,22.176087,19.535566,14.818224,13.648009,14.917189
18.547053,18.051635,20.849309,19.038716,18.865087,22.154476,19.501781,14.837717,13.661578,14.923205
18.549355,18.013572,20.877584,19.049803,18.878773,22.132866,19.467997,14.857211,13.675146,14.929221
18.551658,17.975510,20.905859,19.060891,18.892459,22.111256,19.434212,14.876704,13.688715,14.935238
18.553960,17.937448,20.934134,19.071979,18.906144,22.089646,19.400427,14.896197,13.702283,14.941254
18.556263,17.899385,20.962409,19.083067,18.919830,22.068036,19.366643,14.915691,13.715852,14.947271
18.558565,17.861323,20.990684,19.094154,18.933515,22.046426,19.332858,14.935184,13.729420,14.953287
18.560868,17.823261,21.018959,19.105242,18.947201,22.024816,19.299073,14.954677,13.742989,14.959303
18.563170,17.785199,21.047235,19.116330,18.960887,22.003206,19.265289,14.974171,13.756557,14.965320
18.565473,17.747136,21.075510,19.127417,18.974572,21.981596,19.231504,14.993664,13.770126,14.971336
18.567775,17.709074,21.103785,19.138505,18.988258,21.959986,19.197720,15.013157,13.783694,14.977352
18.570078,17.671012,21.132060,19.149592,19.001943,21.938376,19.163935,15.032651,13.797263,14.983369
18.572380,17.632950,21.160335,19.160680,19.015629,21.916766,19.130150,15.052144,13.810832,14.989385
18.574683,17.594887,21.188610,19.171767,19.029314,21.895156,19.096366,15.071637,13.824400,14.995401
18.576986,17.556825,21.216885,19.182855,19.043000,21.873545,19.062581,15.091131,13.837969,15.001418
18.579288,17.518763,21.245160,19.193942,19.056686,21.851935,19.028796,15.110624,13.851537,15.007434
18.581591,17.480700,21.273435,19.205029,19.070371,21.830325,18.995012,15.130117,13.865106,15.013450
18.583893,17.442638,21.301711,19.216116,19.084057,21.808715,18.961227,15.149611,13.878674,15.019467
18.586196,17.404576,21.329986,19.227203,19.097743,21.787105,18.927443,15.169104,13.892243,15.025483
18.588498,17.366514,21.358261,19.238290,19.111428,21.765495,18.893658,15.188597,13.905811,15.031500
18.590801,17.328451,21.386536,19.249376,19.125114,21.743885,18.859873,15.208090,13.919380,15.037516
18.593103,17.290389,21.414811,19.260463,19.138799,21.722275,18.826089,15.227584,13.932949,15.043533
18.595406,17.252327,21.443086,19.271549,19.152485,21.700665,18.792304,15.247077,13.946517,15.049550
18.597708,17.214265,21.471361,19.282634,19.166171,21.679055,18.758519,15.266570,13.960086,15.055566
18.600011,17.176202,21.499636,19.293720,19.179856,21.657445,18.724735,15.286062,13.973654,15.061583
18.602313,17.138140,21.527911,19.304804,19.193542,21.635835,18.690950,15.305555,13.987223,15.067600
18.604616,17.100078,21.556187,19.315889,19.207227,21.614225,18.657165,15.325047,14.000791,15.073618
18.606918,17.062015,21.584462,19.326972,19.220913,21.592614,18.623381,15.344539,14.014360,15.079635
18.609221,17.023953,21.612737,19.338055,19.234599,21.571004,18.589596,15.364031,14.027928,15.085653
18.611523,16.985891,21.641012,19.349137,19.248284,21.549394,18.555812,15.383522,14.041497,15.091672
18.613826,16.947829,21.669287,19.360219,19.261970,21.527784,18.522027,15.403013,14.055065,15.097691
18.616128,16.909766,21.697562,19.371299,19.275656,21.506174,18.488242,15.422503,14.068634,15.103711
18.618431,16.871704,21.725837,19.382378,19.289341,21.484564,18.454458,15.441992,14.082203,15.109731
18.620734,16.833642,21.754112,19.393456,19.303027,21.462954,18.420673,15.461480,14.095771,15.115753
18.623036,16.795580,21.782387,19.404533,19.316712,21.441344,18.386888,15.480967,14.109340,15.121775
18.625339,16.757517,21.810663,19.415609,19.330398,21.419734,18.353104,15.500453,14.122908,15.127799
18.627641,16.719455,21.838938,19.426683,19.344084,21.398124,18.319319,15.519938,14.136477,15.133824
18.629944,16.681393,21.867213,19.437757,19.357769,21.376514,18.285534,15.539421,14.150045,15.139851
18.632246,16.643331,21.895488,19.448829,19.371455,21.354904,18.251750,15.558902,14.163614,15.145880
18.634549,16.605268,21.923763,19.459900,19.385141,21.333294,18.217965,15.578381,14.177182,15.151910
18.636851,16.567206,21.952038,19.470969,19.398827,21.311683,18.184181,15.597859,14.190751,15.157942
18.639154,16.529144,21.980313,19.482039,19.412512,21.290073,18.150396,15.617335,14.204320,15.163975
18.641456,16.491081,22.008588,19.493107,19.426198,21.268463,18.116611,15.636810,14.217888,15.170011
18.643759,16.453019,22.036864,19.504174,19.439884,21.246853,18.082827,15.656283,14.231457,15.176048
18.646061,16.414957,22.065139,19.515242,19.453569,21.225243,18.049042,15.675754,14.245025,15.182086
18.648364,16.376895,22.093414,19.526308,19.467255,21.203633,18.015257,15.695224,14.258594,15.188126
18.650666,16.338832,22.121689,19.537375,19.480941,21.182023,17.981473,15.714692,14.272162,15.194167
18.652969,16.300770,22.149964,19.548441,19.494627,21.160413,17.947688,15.734159,14.285731,15.200210
18.655271,16.262708,22.178239,19.559507,19.508313,21.138803,17.913903,15.753625,14.299299,15.206253
18.657574,16.224646,22.206514,19.570573,19.521998,21.117193,17.880119,15.773091,14.312868,15.212298
18.659876,16.186583,22.234789,19.581638,19.535684,21.095583,17.846334,15.792555,14.326437,15.218343
18.662179,16.148521,22.263064,19.592704,19.549370,21.073973,17.812550,15.812019,14.340005,15.224389
18.664481,16.110459,22.291340,19.603770,19.563056,21.052363,17.778765,15.831482,14.353574,15.230435
18.666784,16.072396,22.319615,19.614836,19.576742,21.030752,17.744980,15.850945,14.367142,15.236482
18.669087,16.034334,22.347890,19.625901,19.590428,21.009142,17.711196,15.870407,14.380711,15.242530
18.671389,15.996272,22.376165,19.636967,19.604114,20.987532,17.677411,15.889869,14.394279,15.248578
18.673692,15.958210,22.404440,19.648033,19.617800,20.965922,17.643626,15.909331,14.407848,15.254626
18.675994,15.920147,22.432715,19.659098,19.631486,20.944312,17.609842,15.928792,14.421416,15.260674
18.678297,15.882085,22.460990,19.670164,19.645172,20.922702,17.576057,15.948253,14.434985,15.266723
18.680599,15.844023,22.489265,19.681230,19.658858,20.901092,17.542272,15.967714,14.448553,15.272771
18.682902,15.805961,22.517540,19.692296,19.672545,20.879482,17.508488,15.987175,14.462122,15.278820
18.685204,15.767898,22.545816,19.703361,19.686231,20.857872,17.474703,16.006636,14.475691,15.284869
18.687507,15.729836,22.574091,19.714427,19.699917,20.836262,17.440919,16.026096,14.489259,15.290918
18.689809,15.691774,22.602366,19.725492,19.713604,20.814652,17.407134,16.045557,14.502828,15.296968
18.692112,15.653711,22.630641,19.736558,19.727290,20.793042,17.373349,16.065017,14.516396,15.303017
18.694414,15.615649,22.658916,19.747624,19.740977,20.771431,17.339565,16.084477,14.529965,15.309066
18.696717,15.577587,22.687191,19.758689,19.754663,20.749821,17.305780,16.103938,14.543533,15.315116
18.699019,15.539525,22.715466,19.769755,19.768350,20.728211,17.271995,16.123398,14.557102,15.321165
18.701322,15.501462,22.743741,19.780820,19.782037,20.706601,17.238211,16.142858,14.570670,15.327214
18.703624,15.463400,22.772016,19.791886,19.795723,20.684991,17.204426,16.162319,14.584239,15.333264
18.705927,15.425338,22.800292,19.802951,19.809410,20.663381,17.170641,16.181779,14.597808,15.339313
18.708229,15.387276,22.828567,19.814017,19.823096,20.641771,17.136857,16.201239,14.611376,15.345363
18.710532,15.349213,22.856842,19.825083,19.836782,20.620161,17.103072,16.220699,14.624945,15.351412
18.712835,15.311151,22.885117,19.836149,19.850468,20.598551,17.069287,16.240159,14.638513,15.357462
18.715137,15.273089,22.913392,19.847216,19.864153,20.576941,17.035503,16.259620,14.652082,15.363512
18.717440,15.235027,22.941667,19.858284,19.877838,20.555331,17.001718,16.279080,14.665650,15.369561
18.719742,15.196964,22.969942,19.869352,19.891522,20.533721,16.967934,16.298540,14.679219,15.375611
18.722045,15.158902,22.998217,19.880422,19.905204,20.512111,16.934149,16.318000,14.692787,15.381660
18.724347,15.120840,23.026492,19.891491,19.918887,20.490500,16.900364,16.337460,14.706356,15.387710
18.726650,15.082777,23.054768,19.902559,19.932571,20.468890,16.866580,16.356920,14.719925,15.393760
18.728952,15.044715,23.083043,19.913620,19.946263,20.447280,16.832795,16.376380,14.733493,15.399809
18.731255,15.006653,23.111318,19.924661,19.959974,20.425670,16.799010,16.395840,14.747062,15.405859
18.733557,14.968591,23.139593,19.935655,19.973732,20.404060,16.765226,16.415300,14.760630,15.411908
18.735860,14.930528,23.167868,19.946551,19.987588,20.382450,16.731441,16.434761,14.774199,15.417958
18.738162,14.892466,23.196143,19.957281,20.001610,20.360840,16.697656,16.454221,14.787767,15.424008
18.740465,14.854404,23.224418,19.967788,20.015856,20.339230,16.663872,16.473681,14.801336,15.430057
18.742767,14.816342,23.252693,19.978073,20.030323,20.317620,16.630087,16.493141,14.814904,15.436107
18.745070,14.778279,23.280969,19.988189,20.044959,20.296010,16.596302,16.512601,14.828473,15.442156
18.747372,14.740217,23.309244,19.998201,20.059699,20.274400,16.562518,16.532061,14.842042,15.448206
18.749675,14.702155,23.337519,20.008159,20.074494,20.252790,16.528733,16.551521,14.855610,15.454256
18.751978,14.664092,23.365794,20.018091,20.089313,20.231179,16.494948,16.570981,14.869179,15.460305
18.754280,14.626030,23.394069,20.028014,20.104143,20.209569,16.461164,16.590441,14.882747,15.466355
18.756583,14.587968,23.422344,20.037935,20.118974,20.187959,16.427379,16.609901,14.896316,15.472405
18.758885,14.549906,23.450619,20.047858,20.133803,20.166349,16.393595,16.629361,14.909884,15.478454
18.761188,14.511843,23.478894,20.057785,20.148628,20.144739,16.359810,16.648821,14.923453,15.484504
18.763490,14.473781,23.507169,20.067716,20.163450,20.123129,16.326025,16.668281,14.937021,15.490554
18.765793,14.435719,23.535445,20.077651,20.178267,20.101519,16.292241,16.687742,14.950590,15.496603
18.768095,14.397657,23.563720,20.087590,20.193081,20.079909,16.258456,16.707202,14.964159,15.502653
18.770398,14.359594,23.591995,20.097531,20.207891,20.058299,16.224671,16.726662,14.977727,15.508702
18.772700,14.321532,23.620270,20.107476,20.222699,20.036689,16.190887,16.746122,14.991296,15.514752
18.775003,14.283470,23.648545,20.117423,20.237505,20.015079,16.157102,16.765582,15.004864,15.520802
18.777305,14.245407,23.676820,20.127371,20.252308,19.993469,16.123317,16.785042,15.018433,15.526851
18.779608,14.207345,23.705095,20.137322,20.267109,19.971858,16.089533,16.804502,15.032001,15.532901
18.781910,14.169283,23.733370,20.147274,20.281910,19.950248,16.055748,16.823962,15.045570,15.538951
18.784213,14.131221,23.761645,20.157228,20.296708,19.928638,16.021963,16.843422,15.059138,15.545000
18.786515,14.093158,23.789921,20.167182,20.311506,19.907028,15.988179,16.862882,15.072707,15.551050
18.788818,14.055096,23.818196,20.177138,20.326303,19.885418,15.954394,16.882342,15.086276,15.557100
18.791121,14.017034,23.846471,20.187094,20.341099,19.863808,15.920609,16.901802,15.099844,15.563149
18.793423,13.978972,23.874746,20.197051,20.355894,19.842198,15.886825,16.921262,15.113413,15.569199
18.795726,13.940909,23.903021,20.207008,20.370689,19.820588,15.853040,16.940722,15.126981,15.575249
18.798028,13.902847,23.931296,20.216966,20.385483,19.798978,15.819255,16.960182,15.140550,15.581298
18.800331,13.864785,23.959571,20.226924,20.400277,19.777368,15.785471,16.979643,15.154118,15.587348
18.802633,13.826722,23.987846,20.236883,20.415071,19.755758,15.751686,16.999103,15.167687,15.593397
18.804936,13.788660,24.016121,20.246842,20.429864,19.734148,15.717902,17.018563,15.181255,15.599447
18.807238,13.750598,24.044397,20.256802,20.444657,19.712538,15.684117,17.038023,15.194824,15.605497
18.809541,13.712536,24.072672,20.266761,20.459449,19.690928,15.650332,17.057483,15.208393,15.611546
18.811843,13.674473,24.100947,20.276721,20.474242,19.669318,15.616548,17.076943,15.221961,15.617596
18.814146,13.636411,24.129222,20.286681,20.489034,19.647708,15.582763,17.096403,15.235530,15.623646
18.816448,13.598349,24.157497,20.296641,20.503826,19.626098,15.548978,17.115863,15.249098,15.629695
18.818751,13.560287,24.185772,20.306601,20.518618,19.604488,15.515194,17.135323,15.262667,15.635745
18.821053,13.522224,24.214047,20.316561,20.533409,19.582878,15.481409,17.154783,15.276235,15.641795
18.823356,13.484162,24.242322,20.326521,20.548201,19.561269,15.447624,17.174243,15.289804,15.647844
18.825659,13.446100,24.270597,20.336482,20.562992,19.539659,15.413840,17.193703,15.303372,15.653894
18.827961,13.408037,24.298873,20.346442,20.577784,19.518049,15.380055,17.213163,15.316941,15.659944
18.830264,13.369975,24.327148,20.356403,20.592575,19.496440,15.346270,17.232623,15.330510,15.665993
18.832566,13.331913,24.355423,20.366363,20.607366,19.474830,15.312486,17.252083,15.344078,15.672043
18.834869,13.293851,24.383698,20.376323,20.622158,19.453221,15.278701,17.271543,15.357647,15.678092
18.837171,13.255788,24.411973,20.386284,20.636949,19.431611,15.244916,17.291004,15.371215,15.684142
18.839474,13.217726,24.440248,20.396244,20.651740,19.410002,15.211132,17.310464,15.384784,15.690192
18.841776,13.179664,24.468523,20.406205,20.666531,19.388392,15.177347,17.329924,15.398352,15.696241
18.844079,13.141602,24.496798,20.416166,20.681322,19.366783,15.143562,17.349384,15.411921,15.702291
18.846381,13.103539,24.525074,20.426126,20.696113,19.345173,15.109778,17.368844,15.425490,15.708341
18.848684,13.065477,24.553349,20.436087,20.710904,19.323564,15.075993,17.388304,15.439058,15.714390
18.850986,13.027415,24.581624,20.446048,20.725695,19.301954,15.042208,17.407764,15.452627,15.720440
18.853289,12.989352,24.609899,20.456008,20.740486,19.280345,15.008424,17.427224,15.466195,15.726489
18.855591,12.951290,24.638174,20.465969,20.755277,19.258736,14.974639,17.446684,15.479764,15.732539
18.857894,12.913228,24.666449,20.475930,20.770067,19.237126,14.940854,17.466144,15.493333,15.738588
18.860196,12.875166,24.694724,20.485890,20.784858,19.215517,14.907070,17.485604,15.506902,15.744637
18.862499,12.837103,24.677194,20.495851,20.799649,19.193907,14.873285,17.505064,15.520471,15.750686
18.864802,12.799041,24.648919,20.505812,20.814440,19.172298,14.839501,17.524524,15.534041,15.756735
18.867104,12.760979,24.620643,20.515773,20.829231,19.150689,14.805716,17.543984,15.547612,15.762782
18.869407,12.722917,24.592368,20.525734,20.844021,19.129079,14.771931,17.563444,15.561185,15.768827
18.871709,12.684854,24.564093,20.535694,20.858812,19.107470,14.738147,17.582904,15.574763,15.774868
18.874012,12.646792,24.535818,20.545655,20.873603,19.085860,14.704362,17.602365,15.588348,15.780900
18.876314,12.608730,24.507543,20.555616,20.888393,19.064251,14.670577,17.621825,15.601927,15.786940
18.878617,12.570667,24.479268,20.565577,20.903184,19.042642,14.636793,17.641285,15.615254,15.793231
18.880919,12.532605,24.450993,20.575538,20.917975,19.021032,14.603008,17.660745,15.625972,15.802131
18.883222,12.494543,24.422718,20.585499,20.932766,18.999423,14.569223,17.680205,15.625137,15.822585
18.885524,12.456481,24.394442,20.595460,20.947556,18.977813,14.535439,17.699665,15.614166,15.853174
18.887827,12.418418,24.366167,20.605420,20.962347,18.956204,14.501654,17.719125,15.601587,15.885371
18.890129,12.380356,24.337892,20.615381,20.977138,18.934595,14.467869,17.738585,15.588935,15.917641
18.892432,12.342294,24.309617,20.625342,20.991928,18.912985,14.434085,17.758045,15.576295,15.949899
18.894734,12.304232,24.281342,20.635303,21.006719,18.891376,14.400300,17.777505,15.563661,15.982151
18.897037,12.266169,24.253067,20.645264,21.021510,18.869766,14.366515,17.796965,15.551030,16.014400
18.899340,12.228107,24.224792,20.655225,21.036300,18.848157,14.332731,17.816425,15.538401,16.046648
18.901642,12.190045,24.196517,20.665186,21.051091,18.826548,14.298946,17.835885,15.525772,16.078895
18.903945,12.151983,24.168242,20.675147,21.065881,18.804938,14.265161,17.855346,15.513143,16.111142
18.906247,12.113920,24.139966,20.685108,21.080672,18.783329,14.231377,17.874806,15.500514,16.143389
18.908550,12.075858,24.111691,20.695069,21.095463,18.761719,14.197592,17.894266,15.487886,16.175636
18.910852,12.037796,24.083416,20.705030,21.110253,18.740110,14.163807,17.913726,15.475257,16.207883
18.913155,11.999733,24.055141,20.714990,21.125044,18.718500,14.130023,17.933186,15.462629,16.240129
18.915457,11.961671,24.026866,20.724951,21.139835,18.696890,14.096238,17.952647,15.450000,16.272376
18.917760,11.923609,23.998591,20.734912,21.154625,18.675281,14.062453,17.972107,15.437371,16.304623
18.920062,11.885547,23.970316,20.744873,21.169416,18.653671,14.028669,17.991568,15.424743,16.336870
18.922365,11.847484,23.942041,20.754834,21.184206,18.632061,13.994884,18.011028,15.412114,16.369116
18.924667,11.809422,23.913766,20.764795,21.198997,18.610451,13.961099,18.030489,15.399486,16.401363
18.926970,11.771359,23.885490,20.774756,21.213788,18.588841,13.927315,18.049950,15.386857,16.433610
18.929272,11.733296,23.857215,20.784717,21.228578,18.567230,13.893530,18.069411,15.374229,16.465857
18.931575,11.695234,23.828940,20.794678,21.243369,18.545620,13.859745,18.088872,15.361600,16.498103
18.933877,11.657171,23.800665,20.804639,21.258159,18.524010,13.825961,18.108333,15.348972,16.530350
18.936180,11.619108,23.772390,20.814600,21.272950,18.502399,13.792176,18.127794,15.336343,16.562597
18.938483,11.581045,23.744115,20.824561,21.287741,18.480788,13.758391,18.147255,15.323715,16.594843
18.940785,11.542982,23.715840,20.834522,21.302531,18.459178,13.724607,18.166716,15.311086,16.627090
18.943088,11.504919,23.687565,20.844483,21.317322,18.437567,13.690822,18.186178,15.298458,16.659337
18.945390,11.466856,23.659290,20.854444,21.332112,18.415957,13.657037,18.205639,15.285829,16.691584
18.947693,11.428793,23.631014,20.864405,21.346903,18.394346,13.623253,18.225100,15.273201,16.723830
18.949995,11.390729,23.602739,20.874366,21.361694,18.372736,13.589468,18.244561,15.260572,16.756077
18.952298,11.352666,23.574464,20.884327,21.376484,18.351125,13.555683,18.264023,15.247944,16.788324
18.954600,11.314603,23.546189,20.894288,21.391275,18.329514,13.521899,18.283484,15.235315,16.820570
18.956903,11.276540,23.517914,20.904249,21.406065,18.307904,13.488114,18.302945,15.222687,16.852817
18.959205,11.238477,23.489639,20.914209,21.420856,18.286293,13.454329,18.322407,15.210058,16.885064
18.961508,11.200413,23.461364,20.924170,21.435647,18.264683,13.420545,18.341868,15.197430,16.917311
18.963810,11.162350,23.433089,20.934131,21.450437,18.243072,13.386760,18.361329,15.184801,16.949557
18.966113,11.124287,23.404814,20.944092,21.465228,18.221461,13.352975,18.380790,15.172173,16.981804
18.968415,11.086224,23.376538,20.954053,21.480018,18.199851,13.319191,18.400252,15.159544,17.014051
18.970718,11.048161,23.348263,20.964014,21.494809,18.178240,13.285406,18.419713,15.146916,17.046297
18.973021,11.010097,23.319988,20.973975,21.509600,18.156630,13.251621,18.439174,15.134287,17.078544
18.975323,10.972034,23.291713,20.983936,21.524390,18.135019,13.217837,18.458635,15.121659,17.110791
18.977626,10.933971,23.263438,20.993897,21.539181,18.113408,13.184052,18.478097,15.109030,17.143038
18.979928,10.895908,23.235163,21.003858,21.553971,18.091798,13.150267,18.497558,15.096402,17.175284
18.982231,10.857845,23.206888,21.013819,21.568762,18.070187,13.116483,18.517019,15.083773,17.207531
18.984533,10.819781,23.178613,21.023780,21.583553,18.048577,13.082698,18.536481,15.071145,17.239778
18.986836,10.781718,23.150337,21.033741,21.598343,18.026966,13.048913,18.555942,15.058516,17.272024
18.989138,10.743655,23.122062,21.043702,21.613134,18.005355,13.015129,18.575403,15.045888,17.304271
18.991441,10.705592,23.093787,21.053663,21.627924,17.983745,12.981344,18.594864,15.033259,17.336518
18.993743,10.667529,23.065512,21.063624,21.642715,17.962134,12.947559,18.614326,15.020631,17.368765
18.996046,10.629465,23.037237,21.073585,21.657505,17.940524,12.913775,18.633787,15.008002,17.401011
18.998348,10.591402,23.008962,21.083546,21.672296,17.918913,12.879990,18.653248,14.995373,17.433258
19.000651,10.553339,22.980687,21.093507,21.687087,17.897302,12.846205,18.672709,14.982745,17.465505
19.002953,10.515276,22.952412,21.103468,21.701877,17.875692,12.812421,18.692171,14.970116,17.497751
19.005256,10.477213,22.924137,21.113429,21.716668,17.854081,12.778636,18.711632,14.957488,17.529998
19.007559,10.439149,22.895861,21.123390,21.731458,17.832471,12.744851,18.731093,14.944859,17.562245
19.009861,10.401086,22.867586,21.133351,21.746249,17.810860,12.711067,18.750554,14.932231,17.594492
19.012164,10.363023,22.839311,21.143312,21.761040,17.789249,12.677282,18.770016,14.919602,17.626738
19.014466,10.324960,22.811036,21.153273,21.775830,17.767639,12.643497,18.789477,14.906974,17.658985
19.016769,10.286897,22.782761,21.163234,21.790621,17.746028,12.609713,18.808938,14.894345,17.691232
19.019071,10.248833,22.754486,21.173195,21.805411,17.724418,12.575928,18.828400,14.881717,17.723479
19.021374,10.210770,22.726211,21.183156,21.820202,17.702807,12.542143,18.847861,14.869088,17.755725
19.023676,10.172707,22.697936,21.193117,21.834992,17.681196,12.508359,18.867322,14.856460,17.787972
19.025979,10.134644,22.669661,21.203078,21.849783,17.659586,12.474574,18.886783,14.843831,17.820219
19.028281,10.096580,22.641385,21.213039,21.864574,17.637975,12.440789,18.906245,14.831203,17.852465
19.030584,10.058517,22.613110,21.223000,21.879364,17.616365,12.407005,18.925706,14.818574,17.884712
19.032886,10.020454,22.584835,21.232961,21.894155,17.594754,12.373220,18.945167,14.805946,17.916959
19.035189,9.982391,22.556560,21.242922,21.908945,17.573143,12.339435,18.964628,14.793317,17.949206
19.037491,9.944328,22.528285,21.252883,21.923736,17.551533,12.305651,18.984090,14.780689,17.981452
19.039794,9.906264,22.500010,21.262844,21.938526,17.529922,12.271866,19.003551,14.768060,18.013699
19.042096,9.868201,22.471735,21.272805,21.953317,17.508312,12.238081,19.023012,14.755432,18.045945
19.044399,9.830138,22.443460,21.282766,21.968108,17.486701,12.204297,19.042474,14.742803,18.078192
19.046702,9.792075,22.415185,21.292727,21.982898,17.465091,12.170512,19.061935,14.730175,18.110439
19.049004,9.754012,22.386909,21.302688,21.997689,17.443481,12.136727,19.081396,14.717546,18.142685
19.051307,9.715948,22.358634,21.312649,22.012479,17.421870,12.102943,19.100857,14.704918,18.174931
19.053609,9.677885,22.330359,21.322610,22.027270,17.400260,12.069158,19.120319,14.692289,18.207178
19.055912,9.639822,22.302084,21.332571,22.042061,17.378650,12.035373,19.139780,14.679661,18.239424
19.058214,9.601759,22.273809,21.342532,22.056851,17.357039,12.001589,19.159241,14.667032,18.271671
19.060517,9.563696,22.245534,21.352493,22.071642,17.335429,11.967804,19.178702,14.654404,18.303917
19.062819,9.525632,22.217259,21.362454,22.086432,17.313819,11.934019,19.198164,14.641775,18.336164
19.065122,9.487569,22.188984,21.372414,22.101223,17.292208,11.900235,19.217625,14.629147,18.368410
19.067424,9.449506,22.160709,21.382375,22.116013,17.270598,11.866450,19.237086,14.616518,18.400656
19.069727,9.411443,22.132433,21.392336,22.130804,17.248988,11.832665,19.256547,14.603890,18.432903
19.072029,9.373380,22.104158,21.402297,22.145595,17.227377,11.798880,19.276009,14.591261,18.465149
19.074332,9.335316,22.075883,21.412258,22.160385,17.205767,11.765096,19.295470,14.578633,18.497396
19.076634,9.297253,22.047608,21.422219,22.175176,17.184157,11.731311,19.314931,14.566004,18.529642
19.078937,9.259190,22.019333,21.432180,22.189966,17.162547,11.697526,19.334393,14.553376,18.561888
19.081240,9.221127,21.991058,21.442141,22.204757,17.140936,11.663742,19.353854,14.540747,18.594135
19.083542,9.183063,21.962783,21.452102,22.219548,17.119326,11.629957,19.373315,14.528119,18.626381
19.085845,9.145000,21.934508,21.462063,22.234338,17.097716,11.596172,19.392776,14.515490,18.658628
19.088147,9.106937,21.906232,21.472024,22.249129,17.076106,11.562388,19.412238,14.502862,18.690874
19.090450,9.068874,21.877957,21.481985,22.263919,17.054495,11.528603,19.431699,14.490233,18.723120
19.092752,9.030811,21.849682,21.491946,22.278710,17.032885,11.494818,19.451160,14.477605,18.755367
19.095055,8.992747,21.821407,21.501907,22.293500,17.011275,11.461034,19.470621,14.464976,18.787613
19.097357,8.954684,21.793132,21.511868,22.308291,16.989665,11.427249,19.490083,14.452348,18.819860
19.099660,8.916621,21.764857,21.521829,22.323082,16.968054,11.393464,19.509544,14.439719,18.852106
19.101962,8.878558,21.736582,21.531790,22.337872,16.946444,11.359680,19.529005,14.427090,18.884352
19.104265,8.840495,21.708307,21.541751,22.352663,16.924834,11.325895,19.548467,14.414462,18.916599
19.106567,8.802431,21.680032,21.551712,22.367453,16.903223,11.292110,19.567928,14.401833,18.948845
19.108870,8.764368,21.651756,21.561673,22.382244,16.881613,11.258326,19.587389,14.389205,18.981091
19.111172,8.726305,21.623481,21.571634,22.397034,16.860003,11.224541,19.606850,14.376576,19.013338
19.113475,8.688242,21.595206,21.581595,22.411825,16.838393,11.190756,19.626312,14.363948,19.045584
19.115777,8.650179,21.566931,21.591556,22.426616,16.816782,11.156972,19.645773,14.351319,19.077831
19.118080,8.612115,21.538656,21.601517,22.441406,16.795172,11.123187,19.665234,14.338691,19.110077
19.120383,8.574052,21.510381,21.611478,22.456197,16.773562,11.089402,19.684695,14.326062,19.142323
19.122685,8.535989,21.482106,21.621439,22.470987,16.751952,11.055618,19.704157,14.313434,19.174570
19.124988,8.497926,21.453831,21.631400,22.485778,16.730341,11.021833,19.723618,14.300805,19.206816
19.127290,8.459863,21.425556,21.641361,22.500569,16.708731,10.988048,19.743079,14.288177,19.239062
19.129593,8.421799,21.397280,21.651322,22.515359,16.687121,10.954264,19.762540,14.275548,19.271309
19.131895,8.383736,21.369005,21.661283,22.530150,16.665511,10.920479,19.782002,14.262920,19.303555
19.134198,8.345673,21.340730,21.671244,22.544940,16.643900,10.886694,19.801463,14.250291,19.335802
19.136500,8.307610,21.312455,21.681205,22.559731,16.622290,10.852909,19.820924,14.237663,19.368048
19.138803,8.269546,21.284180,21.691166,22.574521,16.600680,10.819125,19.840386,14.225034,19.400294
19.141105,8.231483,21.255905,21.701127,22.589312,16.579070,10.785340,19.859847,14.212406,19.432541
19.143408,8.193420,21.227630,21.711088,22.604103,16.557459,10.751555,19.879308,14.199777,19.464787
19.145710,8.155357,21.199355,21.721049,22.618893,16.535849,10.717771,19.898769,14.187149,19.497034
19.148013,8.117294,21.171080,21.731010,22.633684,16.514239,10.683986,19.918231,14.174520,19.529280
19.150315,8.079230,21.142804,21.740971,22.648474,16.492628,10.650201,19.937692,14.161892,19.561526
19.152618,8.041167,21.114529,21.750932,22.663265,16.471018,10.616417,19.957153,14.149263,19.593773
19.154921,8.003104,21.086254,21.760893,22.678055,16.449408,10.582632,19.976614,14.136635,19.626019
19.157223,7.965041,21.057979,21.770854,22.692846,16.427798,10.548847,19.996076,14.124006,19.658265
19.159526,7.926978,21.029704,21.780815,22.707637,16.406187,10.515063,20.015537,14.111378,19.690512
19.161828,7.888914,21.001429,21.790776,22.722427,16.384577,10.481278,20.034998,14.098749,19.722758
19.164131,7.850851,20.973154,21.800737,22.737218,16.362967,10.447493,20.054460,14.086121,19.755005
19.166433,7.812788,20.944879,21.810698,22.752008,16.341357,10.413709,20.073921,14.073492,19.787251
19.168736,7.774725,20.916603,21.820659,22.766799,16.319746,10.379924,20.093382,14.060864,19.819497
19.171038,7.736662,20.888328,21.830620,22.781589,16.298136,10.346139,20.112843,14.048235,19.851744
19.173341,7.698598,20.860053,21.840581,22.796380,16.276526,10.312355,20.132305,14.035607,19.883990
19.175643,7.660535,20.831778,21.850542,22.811171,16.254916,10.278570,20.151766,14.022978,19.916236
19.177946,7.622472,20.803503,21.860503,22.825961,16.233305,10.244785,20.171227,14.010350,19.948483
19.180248,7.584409,20.775228,21.870464,22.840752,16.211695,10.211000,20.190688,13.997721,19.980729
19.182551,7.546346,20.746953,21.880425,22.855542,16.190085,10.177216,20.210150,13.985093,20.012976
19.184853,7.508282,20.718678,21.890386,22.870333,16.168475,10.143431,20.229611,13.972464,20.045222
19.187156,7.470219,20.690403,21.900347,22.885124,16.146864,10.109646,20.249072,13.959836,20.077468
19.189459,7.432156,20.662127,21.910308,22.899914,16.125254,10.075862,20.268534,13.947207,20.109715
19.191761,7.394093,20.633852,21.920269,22.914705,16.103644,10.042077,20.287995,13.934579,20.141961
19.194064,7.356029,20.605577,21.930230,22.929495,16.082033,10.008292,20.307456,13.921950,20.174207
19.196366,7.317966,20.577302,21.940191,22.944286,16.060423,9.974508,20.326917,13.909322,20.206454
19.198669,7.279903,20.549027,21.950152,22.959076,16.038813,9.940723,20.346379,13.896693,20.238700
19.200971,7.241840,20.520752,21.960113,22.973867,16.017203,9.906938,20.365840,13.884065,20.270947
19.203274,7.203777,20.492477,21.970074,22.988658,15.995592,9.873154,20.385301,13.871436,20.303193
19.205576,7.165713,20.464202,21.980035,23.003448,15.973982,9.839369,20.404762,13.858807,20.335439
19.207879,7.127650,20.435927,21.989996,23.018239,15.952372,9.805584,20.424224,13.846179,20.367686
19.210181,7.089587,20.407651,21.999957,23.033029,15.930762,9.771800,20.443685,13.833550,20.399932
19.212484,7.051524,20.379376,22.009918,23.047820,15.909151,9.738015,20.463146,13.820922,20.432179
19.214786,7.013461,20.351101,22.019879,23.062610,15.887541,9.704230,20.482607,13.808293,20.464425
19.217089,6.975397,20.322826,22.029840,23.077401,15.865931,9.670445,20.502069,13.795665,20.496671
19.219391,6.937334,20.294551,22.039801,23.092192,15.844321,9.636661,20.521530,13.783036,20.528918
19.221694,6.899271,20.266276,22.049762,23.106982,15.822710,9.602876,20.540991,13.770408,20.561164
19.223997,6.861208,20.238001,22.059723,23.121773,15.801100,9.569091,20.560453,13.757779,20.593410
19.226299,6.823145,20.209726,22.069684,23.136563,15.779490,9.535307,20.579914,13.745151,20.625657
19.228602,6.785081,20.181451,22.079645,23.151354,15.757880,9.501522,20.599375,13.732522,20.657903
19.230904,6.747018,20.153175,22.089606,23.166144,15.736269,9.467737,20.618836,13.719894,20.690150
19.233207,6.708955,20.124900,22.099567,23.180935,15.714659,9.433953,20.638298,13.707265,20.722396
19.235509,6.670892,20.096625,22.109528,23.195726,15.693049,9.400168,20.657759,13.694637,20.754642
19.237812,6.632829,20.068350,22.119489,23.210516,15.671438,9.366383,20.677220,13.682008,20.786889
19.240114,6.594765,20.040075,22.129450,23.225307,15.649828,9.332599,20.696681,13.669380,20.819135
19.242417,6.556702,20.011800,22.139411,23.240097,15.628218,9.298814,20.716143,13.656751,20.851381
19.244719,6.518639,19.983525,22.149372,23.254888,15.606608,9.265029,20.735604,13.644123,20.883628
19.247022,6.480576,19.955250,22.159333,23.269679,15.584997,9.231244,20.755065,13.631494,20.915874
19.249324,6.442512,19.926975,22.169294,23.284469,15.563387,9.197460,20.774527,13.618866,20.948121
19.251627,6.404449,19.898699,22.179255,23.299260,15.541777,9.163675,20.793988,13.606237,20.980367
19.253929,6.366386,19.870424,22.189216,23.314050,15.520167,9.129890,20.813449,13.593609,21.012613
19.256232,6.328323,19.842149,22.199177,23.328841,15.498556,9.096106,20.832910,13.580980,21.044860
19.258535,6.290260,19.813874,22.209138,23.343631,15.476946,9.062321,20.852372,13.568352,21.077106
19.260837,6.252196,19.785599,22.219099,23.358422,15.455336,9.028536,20.871833,13.555723,21.109353
19.263140,6.214133,19.757324,22.229060,23.373213,15.433726,8.994752,20.891294,13.543095,21.141599
19.265442,6.176070,19.729049,22.239021,23.388003,15.412115,8.960967,20.910755,13.530466,21.173845
19.267745,6.138007,19.700774,22.248982,23.402794,15.390505,8.927182,20.930217,13.517838,21.206092
19.270047,6.099944,19.672498,22.258943,23.417584,15.368895,8.893398,20.949678,13.505209,21.238338
19.272350,6.061880,19.644223,22.268904,23.432375,15.347285,8.859613,20.969139,13.492581,21.270584
19.274652,6.023817,19.615948,22.278865,23.447165,15.325674,8.825828,20.988601,13.479952,21.302831
19.276955,5.985754,19.587673,22.288826,23.461956,15.304064,8.792043,21.008062,13.467324,21.335077
19.279257,5.947691,19.559398,22.298787,23.476747,15.282454,8.758259,21.027523,13.454695,21.367324
19.281560,5.909628,19.531123,22.308748,23.491537,15.260843,8.724474,21.046984,13.442067,21.399570
19.283862,5.871564,19.502848,22.318709,23.506328,15.239233,8.690689,21.066446,13.429438,21.431816
19.286165,5.833501,19.474573,22.328670,23.521118,15.217623,8.656905,21.085907,13.416810,21.464063
19.288467,5.795438,19.446298,22.338631,23.535909,15.196013,8.623120,21.105368,13.404181,21.496309
19.290770,5.757375,19.418022,22.348592,23.550699,15.174402,8.589335,21.124829,13.391553,21.528555
19.293073,5.719312,19.389747,22.358553,23.565490,15.152792,8.555551,21.144291,13.378924,21.560802
19.295375,5.681248,19.361472,22.368514,23.580281,15.131182,8.521766,21.163752,13.366296,21.593048
19.297678,5.643185,19.333197,22.378475,23.595071,15.109572,8.487981,21.183213,13.353667,21.625295
19.299980,5.605122,19.304922,22.388436,23.609862,15.087961,8.454196,21.202675,13.341039,21.657541
19.302283,5.567059,19.276647,22.398397,23.624652,15.066351,8.420412,21.222136,13.328410,21.689787
19.304585,5.528995,19.248372,22.408358,23.639443,15.044741,8.386627,21.241597,13.315782,21.722034
19.306888,5.490932,19.220097,22.418319,23.654234,15.023131,8.352842,21.261058,13.303153,21.754280
19.309190,5.452869,19.191822,22.428280,23.669024,15.001520,8.319058,21.280520,13.290524,21.786527
19.311493,5.414806,19.163546,22.438241,23.683815,14.979910,8.285273,21.299981,13.277896,21.818773
19.313795,5.376743,19.135271,22.448202,23.698605,14.958300,8.251488,21.319442,13.265267,21.851019
19.316098,5.338679,19.106996,22.458163,23.713396,14.936690,8.217704,21.338904,13.252639,21.883266
19.318400,5.300616,19.078721,22.468124,23.728186,14.915079,8.183919,21.358365,13.240010,21.915512
19.320703,5.262553,19.050446,22.478085,23.742977,14.893469,8.150134,21.377826,13.227382,21.947758
19.323006,5.224490,19.022171,22.488046,23.757768,14.871859,8.116349,21.397288,13.214753,21.980005
19.325308,5.186427,18.993896,22.498007,23.772558,14.850248,8.082565,21.416749,13.202125,22.012251
19.327611,5.148363,18.965621,22.507968,23.787349,14.828638,8.048780,21.436210,13.189496,22.044498
19.329913,5.110300,18.937346,22.517929,23.802139,14.807028,8.014995,21.455672,13.176868,22.076744
19.332216,5.072237,18.909070,22.527890,23.816930,14.785418,7.981211,21.475133,13.164239,22.108990
19.334518,5.034174,18.880795,22.537850,23.831720,14.763807,7.947426,21.494594,13.151611,22.141237
19.336821,4.996111,18.852520,22.547811,23.846511,14.742197,7.913641,21.514056,13.138982,22.173483
19.339123,4.958047,18.824245,22.557772,23.861302,14.720587,7.879857,21.533517,13.126354,22.205729
19.341426,4.919984,18.795970,22.567733,23.876092,14.698977,7.846072,21.552978,13.113725,22.237976
19.343728,4.881921,18.767695,22.577694,23.890883,14.677366,7.812287,21.572440,13.101097,22.270222
19.346031,4.843858,18.739420,22.587655,23.905673,14.655756,7.778502,21.591901,13.088468,22.302469
19.348334,4.805795,18.711145,22.597616,23.920464,14.634146,7.744718,21.611363,13.075840,22.334715
19.350636,4.767731,18.682869,22.607577,23.935254,14.612536,7.710933,21.630824,13.063211,22.366961
19.352939,4.729668,18.654594,22.617538,23.950045,14.590925,7.677148,21.650285,13.050583,22.399208
19.355241,4.691605,18.626319,22.627499,23.964836,14.569315,7.643364,21.669747,13.037954,22.431454
19.357544,4.653542,18.598044,22.637460,23.979626,14.547705,7.609579,21.689208,13.025326,22.463701
19.359846,4.615478,18.569769,22.647421,23.994417,14.526095,7.575794,21.708669,13.012697,22.495947
19.362149,4.577415,18.541494,22.657381,24.009207,14.504484,7.542010,21.728131,13.000069,22.528193
19.364451,4.539352,18.513219,22.667342,24.023998,14.482874,7.508225,21.747592,12.987440,22.560440
19.366754,4.501289,18.484944,22.677303,24.038788,14.461264,7.474440,21.767053,12.974812,22.592686
19.369056,4.463226,18.456669,22.687264,24.053579,14.439653,7.440655,21.786515,12.962183,22.624932
19.371359,4.425162,18.428393,22.697225,24.068369,14.418043,7.406871,21.805976,12.949555,22.657179
19.373661,4.387099,18.400118,22.707186,24.083160,14.396433,7.373086,21.825438,12.936926,22.689425
19.375964,4.349036,18.371843,22.717147,24.097951,14.374823,7.339301,21.844899,12.924298,22.721672
19.378267,4.310973,18.343568,22.727108,24.112741,14.353212,7.305517,21.864360,12.911669,22.753918
19.380569,4.272910,18.315293,22.737069,24.127532,14.331602,7.271732,21.883822,12.899041,22.786164
19.382872,4.234846,18.287018,22.747030,24.142322,14.309992,7.237947,21.903283,12.886412,22.818411
19.385174,4.196783,18.258743,22.756991,24.157113,14.288382,7.204163,21.922744,12.873784,22.850657
19.387477,4.158720,18.230468,22.766952,24.171903,14.266771,7.170378,21.942206,12.861155,22.882903
19.389779,4.120657,18.202193,22.776913,24.186694,14.245161,7.136593,21.961667,12.848527,22.915150
19.392082,4.082594,18.173917,22.786874,24.201484,14.223551,7.102808,21.981129,12.835898,22.947396
19.394384,4.044530,18.145642,22.796835,24.216275,14.201941,7.069024,22.000590,12.823270,22.979643
19.396687,4.006467,18.117367,22.806795,24.231065,14.180330,7.035239,22.020051,12.810641,23.011889
19.398989,3.968404,18.089092,22.816756,24.245856,14.158720,7.001454,22.039513,12.798013,23.044135
19.401292,3.930341,18.060817,22.826717,24.260646,14.137110,6.967670,22.058974,12.785384,23.076382
19.403594,3.892278,18.032542,22.836678,24.275437,14.115499,6.933885,22.078435,12.772756,23.108628
19.405897,3.854214,18.004267,22.846639,24.290228,14.093889,6.900100,22.097897,12.760127,23.140875
19.408200,3.816151,17.975992,22.856600,24.305018,14.072279,6.866315,22.117358,12.747499,23.173121
19.410502,3.778088,17.947717,22.866561,24.319809,14.050669,6.832531,22.136820,12.734870,23.205367
19.412805,3.740025,17.919441,22.876522,24.334599,14.029058,6.798746,22.156281,12.722241,23.237614
19.415107,3.701961,17.891166,22.886483,24.349390,14.007448,6.764961,22.175742,12.709613,23.269860
19.417410,3.663898,17.862891,22.896444,24.364180,13.985838,6.731177,22.195204,12.696984,23.302106
19.419712,3.625835,17.834616,22.906405,24.378971,13.964228,6.697392,22.214665,12.684356,23.334353
19.422015,3.587772,17.806341,22.916366,24.393761,13.942617,6.663607,22.234127,12.671727,23.366599
19.424317,3.549709,17.778066,22.926327,24.408552,13.921007,6.629823,22.253588,12.659099,23.398846
19.426620,3.511645,17.749791,22.936288,24.423342,13.899397,6.596038,22.273049,12.646470,23.431092
19.428922,3.473582,17.721516,22.946249,24.438133,13.877787,6.562253,22.292511,12.633842,23.463338
19.431225,3.435519,17.693241,22.956210,24.452923,13.856176,6.528468,22.311972,12.621213,23.495585
19.433527,3.397456,17.664965,22.966171,24.467714,13.834566,6.494684,22.331433,12.608585,23.527831
19.435830,3.359393,17.636690,22.976132,24.482505,13.812956,6.460899,22.350895,12.595956,23.560077
19.438133,3.321329,17.608415,22.986092,24.497295,13.791346,6.427114,22.370356,12.583328,23.592324
19.440435,3.283266,17.580140,22.996053,24.512086,13.769735,6.393330,22.389818,12.570699,23.624570
19.442738,3.245203,17.551865,23.006014,24.526876,13.748125,6.359545,22.409279,12.558071,23.656817
19.445040,3.207140,17.523590,23.015975,24.541667,13.726515,6.325760,22.428740,12.545442,23.689063
19.447343,3.169077,17.495315,23.025936,24.556457,13.704904,6.291975,22.448202,12.532814,23.721309
19.449645,3.131013,17.467040,23.035897,24.571248,13.683294,6.258191,22.467663,12.520185,23.753556
19.451948,3.092950,17.438764,23.045858,24.586038,13.661684,6.224406,22.487124,12.507557,23.785802
19.454250,3.054887,17.410489,23.055819,24.600829,13.640074,6.190621,22.506586,12.494928,23.818049
19.456553,3.016824,17.382214,23.065780,24.615619,13.618463,6.156837,22.526047,12.482300,23.850295
19.458855,2.978761,17.353939,23.075741,24.630410,13.596853,6.123052,22.545509,12.469671,23.882541
19.461158,2.940697,17.325664,23.085702,24.645200,13.575243,6.089267,22.564970,12.457043,23.914788
19.463461,2.902634,17.297389,23.095663,24.659991,13.553633,6.055482,22.584431,12.444414,23.947034
19.465763,2.864571,17.269114,23.105624,24.674781,13.532022,6.021698,22.603893,12.431786,23.979280
19.468066,2.826508,17.240839,23.115585,24.689572,13.510412,5.987913,22.623354,12.419157,24.011527
19.470368,2.788444,17.212564,23.125546,24.695784,13.488802,5.954128,22.642815,12.406529,24.043773
19.472671,2.750381,17.184288,23.135507,24.680993,13.467192,5.920344,22.662277,12.393900,24.076020
19.474973,2.712318,17.156013,23.145468,24.666203,13.445581,5.886559,22.681738,12.381272,24.108266
19.477276,2.674255,17.127738,23.155429,24.651412,13.423971,5.852774,22.701200,12.368643,24.140512
19.479578,2.636192,17.099463,23.165390,24.636622,13.402361,5.818989,22.720661,12.356015,24.172759
19.481881,2.598128,17.071188,23.175351,24.621831,13.380751,5.785205,22.740122,12.343386,24.205005
19.484183,2.560065,17.042913,23.185311,24.607041,13.359140,5.751420,22.759584,12.330758,24.237251
19.486486,2.522002,17.014638,23.195272,24.592250,13.337530,5.717635,22.779045,12.318129,24.269498
19.488788,2.483939,16.986363,23.205233,24.577460,13.315920,5.683851,22.798507,12.305501,24.301744
19.491091,2.445876,16.958088,23.215194,24.562669,13.294309,5.650066,22.817968,12.292872,24.333991
19.493394,2.407812,16.929812,23.225155,24.547879,13.272699,5.616281,22.837429,12.280244,24.366237
19.495696,2.369749,16.901537,23.235116,24.533088,13.251089,5.582496,22.856891,12.267615,24.398483
19.497999,2.331686,16.873262,23.245077,24.518298,13.229479,5.548712,22.876352,12.254987,24.430730
19.500301,2.293623,16.844987,23.255038,24.503507,13.207868,5.514927,22.895813,12.242358,24.462976
19.502604,2.255560,16.816712,23.264999,24.488717,13.186258,5.481142,22.915275,12.229730,24.495223
19.504906,2.217496,16.788437,23.274960,24.473926,13.164648,5.447358,22.934736,12.217101,24.527469
19.507209,2.179433,16.760162,23.284921,24.459135,13.143038,5.413573,22.954198,12.204473,24.559715
19.509511,2.141370,16.731887,23.294882,24.444345,13.121427,5.379788,22.973659,12.191844,24.591962
19.511814,2.103307,16.703612,23.304843,24.429554,13.099817,5.346003,22.993120,12.179215,24.624208
19.514116,2.065244,16.675336,23.314804,24.414764,13.078207,5.312219,23.012582,12.166587,24.656454
19.516419,2.027180,16.647061,23.324765,24.399973,13.056597,5.278434,23.032043,12.153958,24.688701
19.518721,1.989117,16.618786,23.334726,24.385183,13.034986,5.244649,23.051505,12.141330,24.679672
19.521024,1.951054,16.590511,23.344687,24.370392,13.013376,5.210865,23.070966,12.128701,24.647425
19.523327,1.912991,16.562236,23.354648,24.355602,12.991766,5.177080,23.090427,12.116073,24.615179
19.525629,1.874928,16.533961,23.364609,24.340811,12.970156,5.143295,23.109889,12.103444,24.582933
19.527932,1.836864,16.505686,23.374570,24.326021,12.948545,5.109510,23.129350,12.090816,24.550686
19.530234,1.798801,16.477411,23.384530,24.311230,12.926935,5.075726,23.148811,12.078187,24.518440
19.532537,1.760738,16.449135,23.394491,24.296440,12.905325,5.041941,23.168273,12.065559,24.486194
19.534839,1.722675,16.420860,23.404452,24.281649,12.883714,5.008156,23.187734,12.052930,24.453947
19.537142,1.684611,16.392585,23.414413,24.266859,12.862104,4.974372,23.207196,12.040302,24.421701
19.539444,1.646548,16.364310,23.424374,24.252068,12.840494,4.940587,23.226657,12.027673,24.389454
19.541747,1.608485,16.336035,23.434335,24.237277,12.818884,4.906802,23.246118,12.015045,24.357208
19.544049,1.570422,16.307760,23.444296,24.222487,12.797273,4.873017,23.265580,12.002416,24.324962
19.546352,1.532359,16.279485,23.454257,24.207696,12.775663,4.839233,23.285041,11.989788,24.292715
19.548655,1.494295,16.251210,23.464218,24.192906,12.754053,4.805448,23.304503,11.977159,24.260469
19.550957,1.456232,16.222935,23.474179,24.178115,12.732443,4.771663,23.323964,11.964531,24.228222
19.553260,1.418169,16.194659,23.484140,24.163325,12.710832,4.737879,23.343425,11.951902,24.195976
19.555562,1.380106,16.166384,23.494101,24.148534,12.689222,4.704094,23.362887,11.939274,24.163730
19.557865,1.342043,16.138109,23.504062,24.133744,12.667612,4.670309,23.382348,11.926645,24.131483
19.560167,1.303979,16.109834,23.514023,24.118953,12.646002,4.636524,23.401810,11.914017,24.099237
19.562470,1.265916,16.081559,23.523984,24.104163,12.624391,4.602740,23.421271,11.901388,24.066991
19.564772,1.227853,16.053284,23.533945,24.089372,12.602781,4.568955,23.440732,11.888760,24.034744
19.567075,1.189790,16.025009,23.543906,24.074582,12.581171,4.535170,23.460194,11.876131,24.002498
19.569377,1.151727,15.996734,23.553867,24.059791,12.559561,4.501385,23.479655,11.863503,23.970251
19.571680,1.113663,15.968459,23.563828,24.045001,12.537950,4.467601,23.499116,11.850874,23.938005
19.573982,1.075600,15.940183,23.573789,24.030210,12.516340,4.433816,23.518578,11.838246,23.905759
19.576285,1.037537,15.911908,23.583749,24.015419,12.494730,4.400031,23.538039,11.825617,23.873512
19.578588,0.999474,15.883633,23.593710,24.000629,12.473119,4.366247,23.557501,11.812989,23.841266
19.580890,0.961411,15.855358,23.603671,23.985838,12.451509,4.332462,23.576962,11.800360,23.809020
19.583193,0.923347,15.827083,23.613632,23.971048,12.429899,4.298677,23.596423,11.787732,23.776773
19.585495,0.885284,15.798808,23.623593,23.956257,12.408289,4.264892,23.615885,11.775103,23.744527
19.587798,0.847221,15.770533,23.633554,23.941467,12.386678,4.231108,23.635346,11.762475,23.712280
19.590100,0.809158,15.742258,23.643515,23.926676,12.365068,4.197323,23.654808,11.749846,23.680034
19.592403,0.771094,15.713983,23.653476,23.911886,12.343458,4.163538,23.674269,11.737218,23.647788
19.594705,0.733031,15.685707,23.663437,23.897095,12.321848,4.129753,23.693730,11.724589,23.615541
19.597008,0.694968,15.657432,23.673398,23.882305,12.300237,4.095969,23.713192,11.711961,23.583295
19.599310,0.656905,15.629157,23.683359,23.867514,12.278627,4.062184,23.732653,11.699332,23.551048
19.601613,0.618842,15.600882,23.693320,23.852724,12.257017,4.028399,23.752115,11.686704,23.518802
19.603915,0.580778,15.572607,23.703281,23.837933,12.235407,3.994615,23.771576,11.674075,23.486556
19.606218,0.542715,15.544332,23.713242,23.823143,12.213796,3.960830,23.791037,11.661447,23.454309
19.608521,0.504652,15.516057,23.723203,23.808352,12.192186,3.927045,23.810499,11.648818,23.422063
19.610823,0.466589,15.487782,23.733164,23.793561,12.170576,3.893260,23.829960,11.636190,23.389817
19.613126,0.428526,15.459507,23.743125,23.778771,12.148966,3.859476,23.849421,11.623561,23.357570
19.615428,0.390462,15.431231,23.753086,23.763980,12.127355,3.825691,23.868883,11.610932,23.325324
19.617731,0.352399,15.402956,23.763047,23.749190,12.105745,3.791906,23.888344,11.598304,23.293077
19.620033,0.314336,15.374681,23.773008,23.734399,12.084135,3.758122,23.907806,11.585675,23.260831
19.622336,0.323471,15.346406,23.782969,23.719609,12.062524,3.724337,23.927267,11.573047,23.228585
19.624638,0.361534,15.318131,23.792930,23.704818,12.040914,3.690552,23.946728,11.560418,23.196338
19.626941,0.399598,15.289856,23.802890,23.690028,12.019304,3.656767,23.966190,11.547790,23.164092
19.629243,0.437661,15.261581,23.812851,23.675237,11.997694,3.622983,23.985651,11.535161,23.131846
19.631546,0.475724,15.233306,23.822812,23.660447,11.976083,3.589198,24.005113,11.522533,23.099599
19.633849,0.513787,15.205030,23.832773,23.645656,11.954473,3.555413,24.024574,11.509904,23.067353
19.636151,0.551850,15.176755,23.842734,23.630866,11.932863,3.521628,24.044035,11.497276,23.035107
19.638454,0.589914,15.148480,23.852695,23.616075,11.911253,3.487844,24.063497,11.484647,23.002860
19.640756,0.627977,15.120205,23.862656,23.601285,11.889642,3.454059,24.082958,11.472019,22.970614
19.643059,0.666040,15.091930,23.872617,23.586494,11.868032,3.420274,24.102419,11.459390,22.938368
19.645361,0.704103,15.063655,23.882578,23.571703,11.846422,3.386490,24.121881,11.446762,22.906121
19.647664,0.742166,15.035380,23.892539,23.556913,11.824812,3.352705,24.141342,11.434133,22.873875
19.649966,0.780230,15.007105,23.902500,23.542122,11.803201,3.318920,24.160804,11.421505,22.841629
19.652269,0.818293,14.978830,23.912461,23.527332,11.781591,3.285135,24.180265,11.408876,22.809382
19.654571,0.856356,14.950554,23.922421,23.512541,11.759981,3.251351,24.199726,11.396248,22.777136
19.656874,0.894419,14.922279,23.932382,23.497751,11.738370,3.217566,24.219188,11.383619,22.744890
19.659176,0.932482,14.894004,23.942343,23.482960,11.716760,3.183781,24.238649,11.370991,22.712643
19.661479,0.970546,14.865729,23.952304,23.468170,11.695150,3.149996,24.258111,11.358362,22.680397
19.663782,1.008609,14.837454,23.962265,23.453379,11.673540,3.116212,24.277572,11.345734,22.648151
19.666084,1.046672,14.809179,23.972226,23.438589,11.651929,3.082427,24.297033,11.333105,22.615904
19.668387,1.084735,14.780904,23.982187,23.423798,11.630319,3.048642,24.316495,11.320477,22.583658
19.670689,1.122799,14.752629,23.992148,23.409008,11.608709,3.014857,24.335956,11.307848,22.551412
19.672992,1.160862,14.724354,24.002109,23.394217,11.587099,2.981073,24.355417,11.295220,22.519166
19.675294,1.198925,14.696078,24.012069,23.379427,11.565488,2.947288,24.374879,11.282591,22.486919
19.677597,1.236988,14.667803,24.022030,23.364636,11.543878,2.913503,24.394340,11.269963,22.454673
19.679899,1.275051,14.639528,24.031991,23.349845,11.522268,2.879719,24.413802,11.257334,22.422427
19.682202,1.313115,14.611253,24.041952,23.335055,11.500658,2.845934,24.433263,11.244706,22.390180
19.684504,1.351178,14.582978,24.051913,23.320264,11.479047,2.812149,24.452724,11.232077,22.357934
19.686807,1.389241,14.554703,24.061874,23.305474,11.457437,2.778364,24.472186,11.219449,22.325688
19.689109,1.427304,14.526428,24.071835,23.290683,11.435827,2.744580,24.491647,11.206820,22.293441
19.691412,1.465367,14.498153,24.081796,23.275893,11.414217,2.710795,24.511109,11.194192,22.261195
19.693715,1.503431,14.469878,24.091756,23.261102,11.392606,2.677010,24.530570,11.181563,22.228949
19.696017,1.541494,14.441602,24.101717,23.246312,11.370996,2.643225,24.550031,11.168935,22.196703
19.698320,1.579557,14.413327,24.111678,23.231521,11.349386,2.609441,24.569493,11.156306,22.164456
19.700622,1.617620,14.385052,24.121639,23.216731,11.327775,2.575656,24.588954,11.143678,22.132210
19.702925,1.655683,14.356777,24.131600,23.201940,11.306165,2.541871,24.608415,11.131049,22.099964
19.705227,1.693747,14.328502,24.141561,23.187150,11.284555,2.508086,24.627877,11.118421,22.067717
19.707530,1.731810,14.300227,24.151522,23.172359,11.262945,2.474302,24.647338,11.105792,22.035471
19.709832,1.769873,14.271952,24.161483,23.157569,11.241334,2.440517,24.666800,11.093164,22.003225
19.712135,1.807936,14.243677,24.171443,23.142778,11.219724,2.406732,24.686261,11.080535,21.970979
19.714437,1.846000,14.215401,24.181404,23.127987,11.198114,2.372947,24.694435,11.067907,21.938732
19.716740,1.884063,14.187126,24.191365,23.113197,11.176504,2.339163,24.674973,11.055278,21.906486
19.719043,1.922126,14.158851,24.201326,23.098406,11.154893,2.305378,24.655512,11.042649,21.874240
19.721345,1.960189,14.130576,24.211287,23.083616,11.133283,2.271593,24.636051,11.030021,21.841993
19.723648,1.998252,14.102301,24.221248,23.068825,11.111673,2.237808,24.616589,11.017392,21.809747
19.725950,2.036316,14.074026,24.231209,23.054035,11.090063,2.204024,24.597128,11.004764,21.777501
19.728253,2.074379,14.045751,24.241170,23.039244,11.068452,2.170239,24.577666,10.992135,21.745255
19.730555,2.112442,14.017476,24.251131,23.024454,11.046842,2.136454,24.558205,10.979507,21.713008
19.732858,2.150505,13.989201,24.261091,23.009663,11.025232,2.102670,24.538744,10.966878,21.680762
19.735160,2.188568,13.960925,24.271052,22.994873,11.003622,2.068885,24.519282,10.954250,21.648516
19.737463,2.226632,13.932650,24.281013,22.980082,10.982011,2.035100,24.499821,10.941621,21.616269
19.739765,2.264695,13.904375,24.290974,22.965292,10.960401,2.001315,24.480360,10.928993,21.584023
19.742068,2.302758,13.876100,24.300935,22.950501,10.938791,1.967531,24.460898,10.916364,21.551777
19.744370,2.340821,13.847825,24.310896,22.935710,10.917180,1.933746,24.441437,10.903736,21.519531
19.746673,2.378885,13.819550,24.320857,22.920920,10.895570,1.899961,24.421975,10.891107,21.487284
19.748976,2.416948,13.791275,24.330818,22.906129,10.873960,1.866176,24.402514,10.878479,21.455038
19.751278,2.455011,13.763000,24.340778,22.891339,10.852350,1.832392,24.383053,10.865850,21.422792
19.753581,2.493074,13.734725,24.350739,22.876548,10.830739,1.798607,24.363591,10.853222,21.390545
19.755883,2.531137,13.706449,24.360700,22.861758,10.809129,1.764822,24.344130,10.840593,21.358299
19.758186,2.569201,13.678174,24.370661,22.846967,10.787519,1.731037,24.324669,10.827965,21.326053
19.760488,2.607264,13.649899,24.380622,22.832177,10.765909,1.697253,24.305207,10.815336,21.293807
19.762791,2.645327,13.621624,24.390583,22.817386,10.744298,1.663468,24.285746,10.802708,21.261560
19.765093,2.683390,13.593349,24.400544,22.802596,10.722688,1.629683,24.266284,10.790079,21.229314
19.767396,2.721454,13.565074,24.410505,22.787805,10.701078,1.595898,24.246823,10.777451,21.197068
19.769698,2.759517,13.536799,24.420466,22.773015,10.679468,1.562114,24.227362,10.764822,21.164821
19.772001,2.797580,13.508524,24.430426,22.758224,10.657857,1.528329,24.207900,10.752194,21.132575
19.774304,2.835643,13.480249,24.440387,22.743434,10.636247,1.494544,24.188439,10.739565,21.100329
19.776606,2.873706,13.451973,24.450348,22.728643,10.614637,1.460759,24.168977,10.726937,21.068082
19.778909,2.911770,13.423698,24.460309,22.713852,10.593027,1.426975,24.149516,10.714308,21.035836
19.781211,2.949833,13.395423,24.470270,22.699062,10.571416,1.393190,24.130055,10.701680,21.003590
19.783514,2.987896,13.367148,24.480231,22.684271,10.549806,1.359405,24.110593,10.689051,20.971344
19.785816,3.025959,13.338873,24.490192,22.669481,10.528196,1.325620,24.091132,10.676423,20.939097
19.788119,3.064022,13.310598,24.500153,22.654690,10.506585,1.291836,24.071671,10.663794,20.906851
19.790421,3.102086,13.282323,24.510114,22.639900,10.484975,1.258051,24.052209,10.651166,20.874605
19.792724,3.140149,13.254048,24.520074,22.625109,10.463365,1.224266,24.032748,10.638537,20.842358
19.795027,3.178212,13.225773,24.530035,22.610319,10.441755,1.190481,24.013286,10.625909,20.810112
19.797329,3.216275,13.197497,24.539996,22.595528,10.420144,1.156697,23.993825,10.613280,20.777866
19.799632,3.254339,13.169222,24.549957,22.580738,10.398534,1.122912,23.974364,10.600652,20.745619
19.801935,3.292402,13.140947,24.559918,22.565947,10.376924,1.089127,23.954902,10.588023,20.713373
19.804237,3.330465,13.112672,24.569879,22.551157,10.355314,1.055342,23.935441,10.575395,20.681126
19.806540,3.368528,13.084397,24.579840,22.536366,10.333703,1.021558,23.915979,10.562766,20.648880
19.808843,3.406591,13.056122,24.589801,22.521576,10.312093,0.987773,23.896518,10.550138,20.616634
19.811145,3.444655,13.027847,24.599762,22.506785,10.290483,0.953988,23.877057,10.537509,20.584387
19.813448,3.482718,12.999572,24.609722,22.491994,10.268873,0.920203,23.857595,10.524881,20.552140
19.815751,3.520781,12.971296,24.619683,22.477204,10.247262,0.886419,23.838134,10.512252,20.519894
19.818054,3.558844,12.943021,24.629644,22.462413,10.225652,0.852634,23.818673,10.499624,20.487647
19.820357,3.596908,12.914746,24.639605,22.447623,10.204042,0.818849,23.799211,10.486995,20.455401
19.822660,3.634971,12.886471,24.649566,22.432832,10.182431,0.785064,23.779750,10.474366,20.423154
19.824963,3.673034,12.858196,24.659527,22.418042,10.160821,0.751279,23.760288,10.461738,20.390907
19.827266,3.711097,12.829921,24.669488,22.403251,10.139211,0.717495,23.740827,10.449109,20.358660
19.829569,3.749160,12.801646,24.679449,22.388461,10.117601,0.683710,23.721366,10.436481,20.326413
19.831872,3.787224,12.773371,24.689410,22.373670,10.095990,0.649925,23.701904,10.423852,20.294166
19.834176,3.825287,12.745096,24.699370,22.358880,10.074380,0.616140,23.682443,10.411224,20.261919
19.836479,3.863350,12.716820,24.690804,22.344089,10.052770,0.582356,23.662982,10.398595,20.229672
19.838782,3.901413,12.688545,24.680843,22.329299,10.031160,0.548571,23.643520,10.385967,20.197425
19.841086,3.939476,12.660270,24.670882,22.314508,10.009549,0.514786,23.624059,10.373338,20.165178
19.843389,3.977540,12.631995,24.660921,22.299718,9.987939,0.481001,23.604597,10.360710,20.132931
19.845693,4.015603,12.603720,24.650960,22.284927,9.966329,0.447217,23.585136,10.348081,20.100684
19.847996,4.053666,12.575445,24.641000,22.270136,9.944719,0.413432,23.565675,10.335453,20.068436
19.850300,4.091729,12.547170,24.631039,22.255346,9.923108,0.379647,23.546213,10.322824,20.036189
19.852603,4.129793,12.518895,24.621078,22.240555,9.901498,0.345862,23.526752,10.310196,20.003942
19.854906,4.167856,12.490620,24.611117,22.225765,9.879888,0.312078,23.507290,10.297567,19.971695
19.857210,4.205919,12.462344,24.601156,22.210974,9.858278,0.321537,23.487829,10.284939,19.939447
19.859513,4.243982,12.434069,24.591195,22.196184,9.836667,0.355322,23.468368,10.272310,19.907200
19.861817,4.282045,12.405794,24.581234,22.181393,9.815057,0.389107,23.448906,10.259682,19.874953
19.864120,4.320109,12.377519,24.571273,22.166603,9.793447,0.422892,23.429445,10.247053,19.842706
19.866424,4.358172,12.349244,24.561312,22.151812,9.771836,0.456676,23.409984,10.234425,19.810459
19.868727,4.396235,12.320969,24.551352,22.137022,9.750226,0.490461,23.390522,10.221796,19.778211
19.871031,4.434298,12.292694,24.541391,22.122231,9.728616,0.524246,23.371061,10.209168,19.745964
19.873334,4.472361,12.264419,24.531430,22.107441,9.707006,0.558031,23.351599,10.196539,19.713717
19.875638,4.510425,12.236144,24.521469,22.092650,9.685395,0.591815,23.332138,10.183911,19.681470
19.877941,4.548488,12.207868,24.511508,22.077860,9.663785,0.625600,23.312677,10.171282,19.649223
19.880245,4.586551,12.179593,24.501547,22.063069,9.642175,0.659385,23.293215,10.158654,19.616975
19.882548,4.624614,12.151318,24.491586,22.048278,9.620565,0.693170,23.273754,10.146025,19.584728
19.884852,4.662678,12.123043,24.481625,22.033488,9.598954,0.726954,23.254293,10.133397,19.552481
19.887155,4.700741,12.094768,24.471665,22.018697,9.577344,0.760739,23.234831,10.120768,19.520234
19.889459,4.738804,12.066493,24.461704,22.003907,9.555734,0.794524,23.215370,10.108140,19.487986
19.891762,4.776867,12.038218,24.451743,21.989116,9.534124,0.828309,23.195908,10.095511,19.455739
19.894065,4.814930,12.009943,24.441782,21.974326,9.512513,0.862093,23.176447,10.082883,19.423492
19.896369,4.852994,11.981668,24.431821,21.959535,9.490903,0.895878,23.156986,10.070254,19.391245
19.898672,4.891057,11.953392,24.421860,21.944745,9.469293,0.929663,23.137524,10.057626,19.358998
19.900976,4.929120,11.925117,24.411899,21.929954,9.447683,0.963448,23.118063,10.044997,19.326750
19.903279,4.967183,11.896842,24.401938,21.915164,9.426072,0.997233,23.098602,10.032369,19.294503
19.905583,5.005247,11.868567,24.391977,21.900373,9.404462,1.031017,23.079140,10.019740,19.262256
19.907886,5.043310,11.840292,24.382017,21.885583,9.382852,1.064802,23.059679,10.007112,19.230009
19.910190,5.081373,11.812017,24.372056,21.870792,9.361241,1.098587,23.040217,9.994483,19.197761
19.912493,5.119436,11.783742,24.362095,21.856002,9.339631,1.132372,23.020756,9.981855,19.165514
19.914797,5.157499,11.755467,24.352134,21.841211,9.318021,1.166156,23.001295,9.969226,19.133267
19.917100,5.195563,11.727191,24.342173,21.826420,9.296411,1.199941,22.981833,9.956598,19.101020
19.919404,5.233626,11.698916,24.332212,21.811630,9.274800,1.233726,22.962372,9.943969,19.068773
19.921707,5.271689,11.670641,24.322251,21.796839,9.253190,1.267511,22.942911,9.931341,19.036525
19.924011,5.309752,11.642366,24.312290,21.782049,9.231580,1.301295,22.923449,9.918712,19.004278
19.926314,5.347815,11.614091,24.302329,21.767258,9.209970,1.335080,22.903988,9.906083,18.972031
19.928617,5.385879,11.585816,24.292369,21.752468,9.188359,1.368865,22.884526,9.893455,18.939784
19.930921,5.423942,11.557541,24.282408,21.737677,9.166749,1.402650,22.865065,9.880826,18.907537
